Size,Avg Latency(us),Min Latency(us),Max Latency(us),Iterations,Processes,Algorithm
1,0.18,0.17,0.19,10000,4,basic linear
2,0.18,0.17,0.19,10000,4,basic linear
4,0.18,0.17,0.18,10000,4,basic linear
8,0.18,0.17,0.19,10000,4,basic linear
16,0.18,0.17,0.19,10000,4,basic linear
32,0.24,0.22,0.26,10000,4,basic linear
64,0.22,0.21,0.24,10000,4,basic linear
128,0.37,0.29,0.45,10000,4,basic linear
256,0.42,0.32,0.52,10000,4,basic linear
512,0.46,0.37,0.58,10000,4,basic linear
1024,0.64,0.49,0.84,10000,4,basic linear
2048,0.91,0.67,1.24,10000,4,basic linear
4096,1.48,1.05,2.02,10000,4,basic linear
8192,2.38,1.6,3.3,10000,4,basic linear
16384,4.52,3.75,5.0,10000,4,basic linear
32768,7.58,6.63,8.14,10000,4,basic linear
65536,12.87,10.48,13.93,10000,4,basic linear
131072,24.23,20.11,25.89,10000,4,basic linear
262144,47.02,40.09,49.86,10000,4,basic linear
524288,92.5,81.92,97.27,10000,4,basic linear
1048576,199.68,189.63,204.91,10000,4,basic linear
1,2.34,0.34,3.46,10000,46,binary tree
2,2.36,0.33,3.48,10000,46,binary tree
4,2.67,0.43,4.1,10000,46,binary tree
8,2.54,0.33,3.91,10000,46,binary tree
16,2.35,0.33,3.47,10000,46,binary tree
32,2.75,0.41,4.07,10000,46,binary tree
64,2.81,0.43,4.22,10000,46,binary tree
128,3.55,0.74,5.27,10000,46,binary tree
256,3.72,0.77,5.49,10000,46,binary tree
512,4.03,0.77,6.06,10000,46,binary tree
1024,5.21,0.85,7.81,10000,46,binary tree
2048,6.4,1.02,10.08,10000,46,binary tree
4096,9.65,1.52,15.33,10000,46,binary tree
8192,15.31,2.04,24.6,10000,46,binary tree
16384,33.17,5.96,45.71,10000,46,binary tree
32768,54.55,9.17,75.3,10000,46,binary tree
65536,100.07,16.13,140.39,10000,46,binary tree
131072,200.34,29.66,269.85,10000,46,binary tree
262144,386.2,55.76,518.55,10000,46,binary tree
524288,765.22,108.27,1026.75,10000,46,binary tree
1048576,1455.9,228.59,1969.85,10000,46,binary tree
1,0.83,0.22,1.19,10000,10,binary tree
2,0.83,0.22,1.18,10000,10,binary tree
4,0.82,0.22,1.17,10000,10,binary tree
8,0.82,0.22,1.17,10000,10,binary tree
16,0.82,0.22,1.17,10000,10,binary tree
32,0.96,0.23,1.3,10000,10,binary tree
64,0.93,0.23,1.26,10000,10,binary tree
128,1.25,0.36,1.62,10000,10,binary tree
256,1.3,0.37,1.69,10000,10,binary tree
512,1.39,0.36,1.79,10000,10,binary tree
1024,1.75,0.5,2.21,10000,10,binary tree
2048,2.2,0.61,2.89,10000,10,binary tree
4096,3.19,0.92,4.16,10000,10,binary tree
8192,4.93,1.48,6.46,10000,10,binary tree
16384,12.79,5.62,15.45,10000,10,binary tree
32768,19.36,8.4,23.13,10000,10,binary tree
65536,33.46,14.52,39.79,10000,10,binary tree
131072,60.93,26.45,71.93,10000,10,binary tree
262144,113.53,49.45,132.72,10000,10,binary tree
524288,221.62,97.38,259.61,10000,10,binary tree
1048576,461.27,208.35,533.88,10000,10,binary tree
1,3.19,0.33,6.46,10000,46,chain
2,3.77,0.54,7.58,10000,46,chain
4,3.3,0.31,6.65,10000,46,chain
8,3.36,0.31,6.46,10000,46,chain
16,3.13,0.3,6.4,10000,46,chain
32,3.57,0.26,7.24,10000,46,chain
64,3.62,0.26,7.15,10000,46,chain
128,4.54,0.35,8.3,10000,46,chain
256,4.78,0.38,8.48,10000,46,chain
512,5.06,0.41,8.97,10000,46,chain
1024,6.16,0.57,10.37,10000,46,chain
2048,7.72,0.99,14.03,10000,46,chain
4096,11.41,1.98,20.99,10000,46,chain
8192,17.76,3.31,32.81,10000,46,chain
16384,41.47,11.97,67.08,10000,46,chain
32768,62.07,20.2,101.17,10000,46,chain
65536,104.71,36.54,167.2,10000,46,chain
131072,190.83,74.06,305.3,10000,46,chain
262144,362.85,146.12,577.94,10000,46,chain
524288,709.68,293.43,1117.72,10000,46,chain
1048576,1431.69,590.79,2291.19,10000,46,chain
1,0.29,0.27,0.3,10000,6,basic linear
2,0.28,0.27,0.3,10000,6,basic linear
4,0.28,0.27,0.29,10000,6,basic linear
8,0.28,0.28,0.3,10000,6,basic linear
16,0.29,0.28,0.29,10000,6,basic linear
32,0.35,0.29,0.41,10000,6,basic linear
64,0.35,0.29,0.4,10000,6,basic linear
128,0.59,0.39,0.75,10000,6,basic linear
256,0.63,0.42,0.79,10000,6,basic linear
512,0.68,0.44,0.88,10000,6,basic linear
1024,1.02,0.6,1.38,10000,6,basic linear
2048,1.39,0.77,1.94,10000,6,basic linear
4096,2.23,1.14,3.2,10000,6,basic linear
8192,3.52,1.72,5.14,10000,6,basic linear
16384,6.39,3.9,7.76,10000,6,basic linear
32768,10.96,6.85,12.66,10000,6,basic linear
65536,20.75,15.92,22.94,10000,6,basic linear
131072,40.14,34.39,42.62,10000,6,basic linear
262144,80.26,73.7,83.37,10000,6,basic linear
524288,162.79,155.02,166.93,10000,6,basic linear
1048576,312.53,275.11,326.6,10000,6,basic linear
1,1.75,0.3,3.09,10000,28,binary tree
2,1.46,0.33,2.67,10000,28,binary tree
4,1.39,0.32,2.63,10000,28,binary tree
8,1.42,0.32,2.66,10000,28,binary tree
16,1.4,0.32,2.61,10000,28,binary tree
32,1.69,0.36,2.85,10000,28,binary tree
64,1.65,0.36,2.83,10000,28,binary tree
128,2.44,0.62,3.96,10000,28,binary tree
256,2.72,0.63,4.04,10000,28,binary tree
512,2.62,0.66,4.19,10000,28,binary tree
1024,3.33,0.79,5.41,10000,28,binary tree
2048,4.17,0.94,6.87,10000,28,binary tree
4096,6.53,1.41,10.29,10000,28,binary tree
8192,10.26,1.97,15.57,10000,28,binary tree
16384,24.42,5.26,29.96,10000,28,binary tree
32768,39.65,8.23,49.45,10000,28,binary tree
65536,78.66,15.83,98.15,10000,28,binary tree
131072,149.54,29.17,185.66,10000,28,binary tree
262144,280.25,55.12,339.08,10000,28,binary tree
524288,544.49,108.28,664.91,10000,28,binary tree
1048576,1069.4,216.06,1297.5,10000,28,binary tree
1,0.83,0.26,1.26,10000,14,binary tree
2,0.83,0.27,1.28,10000,14,binary tree
4,0.81,0.26,1.25,10000,14,binary tree
8,0.8,0.28,1.26,10000,14,binary tree
16,0.79,0.27,1.25,10000,14,binary tree
32,0.96,0.29,1.42,10000,14,binary tree
64,0.94,0.28,1.38,10000,14,binary tree
128,1.32,0.44,1.85,10000,14,binary tree
256,1.37,0.44,1.91,10000,14,binary tree
512,1.48,0.46,2.01,10000,14,binary tree
1024,1.92,0.54,2.49,10000,14,binary tree
2048,2.51,0.7,3.3,10000,14,binary tree
4096,3.75,0.97,4.94,10000,14,binary tree
8192,6.48,1.55,8.88,10000,14,binary tree
16384,15.45,5.63,18.18,10000,14,binary tree
32768,24.11,8.86,28.11,10000,14,binary tree
65536,42.11,15.26,48.72,10000,14,binary tree
131072,76.98,27.87,88.44,10000,14,binary tree
262144,144.58,52.71,166.58,10000,14,binary tree
524288,277.94,101.33,317.24,10000,14,binary tree
1048576,559.94,213.03,636.78,10000,14,binary tree
1,2.15,0.38,3.19,10000,42,default
2,2.09,0.34,3.09,10000,42,default
4,2.34,0.44,3.78,10000,42,default
8,2.09,0.34,3.09,10000,42,default
16,2.37,0.35,3.76,10000,42,default
32,2.39,0.49,3.59,10000,42,default
64,2.4,0.44,3.56,10000,42,default
128,3.07,0.97,4.33,10000,42,default
256,3.24,1.07,4.53,10000,42,default
512,3.55,1.24,4.95,10000,42,default
1024,4.61,1.96,6.26,10000,42,default
2048,5.73,2.18,9.72,10000,42,default
4096,8.14,3.81,13.26,10000,42,default
8192,12.57,6.81,20.25,10000,42,default
16384,22.3,13.52,29.35,10000,42,default
32768,38.65,22.56,50.84,10000,42,default
65536,78.73,44.34,102.33,10000,42,default
131072,157.54,84.67,217.44,10000,42,default
262144,313.15,163.28,439.26,10000,42,default
524288,623.18,325.84,876.48,10000,42,default
1048576,1234.3,610.3,1777.11,10000,42,default
1,0.64,0.25,1.05,10000,12,default
2,0.75,0.36,1.17,10000,12,default
4,0.67,0.33,1.1,10000,12,default
8,0.9,0.25,1.24,10000,12,default
16,0.88,0.25,1.2,10000,12,default
32,1.02,0.26,1.38,10000,12,default
64,0.76,0.39,1.21,10000,12,default
128,1.2,0.72,1.71,10000,12,default
256,1.27,0.78,1.79,10000,12,default
512,1.35,0.86,1.89,10000,12,default
1024,1.82,1.25,2.44,10000,12,default
2048,2.34,1.64,3.03,10000,12,default
4096,3.66,1.02,5.28,10000,12,default
8192,5.73,1.61,8.31,10000,12,default
16384,11.94,6.52,17.26,10000,12,default
32768,19.83,7.31,24.32,10000,12,default
65536,39.84,23.3,45.34,10000,12,default
131072,78.57,61.47,84.82,10000,12,default
262144,157.7,137.38,165.46,10000,12,default
524288,319.62,295.13,329.29,10000,12,default
1048576,573.95,454.43,621.98,10000,12,default
1,0.44,0.16,0.58,10000,6,binary tree
2,0.45,0.16,0.59,10000,6,binary tree
4,0.45,0.16,0.59,10000,6,binary tree
8,0.44,0.16,0.59,10000,6,binary tree
16,0.44,0.16,0.59,10000,6,binary tree
32,0.53,0.17,0.67,10000,6,binary tree
64,0.53,0.18,0.68,10000,6,binary tree
128,0.74,0.27,0.92,10000,6,binary tree
256,0.78,0.29,0.95,10000,6,binary tree
512,0.86,0.3,1.04,10000,6,binary tree
1024,1.09,0.39,1.33,10000,6,binary tree
2048,1.51,0.53,1.9,10000,6,binary tree
4096,2.22,0.81,2.85,10000,6,binary tree
8192,3.49,1.36,4.51,10000,6,binary tree
16384,9.2,5.44,10.5,10000,6,binary tree
32768,13.95,8.39,16.18,10000,6,binary tree
65536,23.0,13.44,27.47,10000,6,binary tree
131072,40.68,23.57,49.45,10000,6,binary tree
262144,77.75,45.19,94.37,10000,6,binary tree
524288,149.34,85.29,181.24,10000,6,binary tree
1048576,301.37,179.73,360.97,10000,6,binary tree
1,3.55,0.68,5.89,10000,38,chain
2,3.38,0.68,5.48,10000,38,chain
4,3.21,0.66,5.18,10000,38,chain
8,3.11,0.68,5.05,10000,38,chain
16,3.13,0.69,5.05,10000,38,chain
32,3.57,0.76,6.05,10000,38,chain
64,3.64,0.77,6.52,10000,38,chain
128,4.48,0.94,7.58,10000,38,chain
256,4.63,0.99,8.1,10000,38,chain
512,4.94,0.99,8.69,10000,38,chain
1024,5.92,1.2,10.68,10000,38,chain
2048,7.12,1.42,13.49,10000,38,chain
4096,10.21,2.19,19.06,10000,38,chain
8192,15.74,3.32,29.17,10000,38,chain
16384,36.81,12.52,57.1,10000,38,chain
32768,54.94,19.96,84.79,10000,38,chain
65536,93.35,37.95,144.93,10000,38,chain
131072,172.84,76.7,268.35,10000,38,chain
262144,319.88,144.32,502.25,10000,38,chain
524288,622.91,286.75,974.56,10000,38,chain
1048576,1252.43,548.57,1946.8,10000,38,chain
1,0.64,0.25,0.9,10000,8,binary tree
2,0.63,0.25,0.86,10000,8,binary tree
4,0.62,0.25,0.87,10000,8,binary tree
8,0.61,0.25,0.85,10000,8,binary tree
16,0.63,0.25,0.87,10000,8,binary tree
32,0.74,0.27,1.05,10000,8,binary tree
64,0.77,0.29,1.06,10000,8,binary tree
128,1.05,0.48,1.38,10000,8,binary tree
256,1.12,0.49,1.47,10000,8,binary tree
512,1.29,0.53,1.72,10000,8,binary tree
1024,1.62,0.61,2.16,10000,8,binary tree
2048,1.96,0.71,2.62,10000,8,binary tree
4096,2.97,1.06,3.94,10000,8,binary tree
8192,4.66,1.7,6.25,10000,8,binary tree
16384,11.33,5.99,15.09,10000,8,binary tree
32768,17.46,9.08,22.88,10000,8,binary tree
65536,29.32,15.34,38.3,10000,8,binary tree
131072,53.76,28.07,70.04,10000,8,binary tree
262144,101.12,52.4,132.02,10000,8,binary tree
524288,196.63,102.16,255.37,10000,8,binary tree
1048576,397.86,208.69,520.56,10000,8,binary tree
1,1.78,0.41,2.48,10000,32,binary tree
2,1.67,0.38,2.38,10000,32,binary tree
4,1.66,0.38,2.37,10000,32,binary tree
8,1.66,0.38,2.36,10000,32,binary tree
16,1.68,0.38,2.48,10000,32,binary tree
32,2.45,0.4,3.69,10000,32,binary tree
64,2.23,0.41,3.28,10000,32,binary tree
128,3.32,0.64,5.09,10000,32,binary tree
256,3.35,0.64,5.24,10000,32,binary tree
512,3.68,0.71,5.77,10000,32,binary tree
1024,4.51,0.75,6.97,10000,32,binary tree
2048,5.34,0.87,8.36,10000,32,binary tree
4096,7.96,1.36,11.96,10000,32,binary tree
8192,12.3,1.86,18.43,10000,32,binary tree
16384,25.95,5.25,34.69,10000,32,binary tree
32768,45.08,8.94,59.18,10000,32,binary tree
65536,84.06,16.27,108.77,10000,32,binary tree
131072,157.75,29.88,205.51,10000,32,binary tree
262144,297.15,56.79,389.96,10000,32,binary tree
524288,575.68,107.76,756.54,10000,32,binary tree
1048576,1112.01,222.53,1492.85,10000,32,binary tree
1,1.61,0.12,2.32,10000,20,basic linear
2,1.46,0.12,2.09,10000,20,basic linear
4,1.36,0.08,1.97,10000,20,basic linear
8,1.38,0.08,1.98,10000,20,basic linear
16,1.36,0.08,1.96,10000,20,basic linear
32,1.75,0.1,2.59,10000,20,basic linear
64,1.65,0.09,2.41,10000,20,basic linear
128,2.96,0.24,5.1,10000,20,basic linear
256,3.18,0.36,5.45,10000,20,basic linear
512,3.23,0.44,5.76,10000,20,basic linear
1024,4.4,0.55,8.32,10000,20,basic linear
2048,5.3,0.8,10.05,10000,20,basic linear
4096,7.76,1.33,15.0,10000,20,basic linear
8192,11.1,1.98,21.86,10000,20,basic linear
16384,18.88,5.33,27.71,10000,20,basic linear
32768,35.88,9.06,47.63,10000,20,basic linear
65536,74.15,29.36,91.44,10000,20,basic linear
131072,151.23,94.81,173.39,10000,20,basic linear
262144,303.71,240.6,326.62,10000,20,basic linear
524288,614.57,535.97,640.02,10000,20,basic linear
1048576,1026.76,687.05,1137.82,10000,20,basic linear
1,1.54,0.24,2.74,10000,24,chain
2,1.5,0.24,2.71,10000,24,chain
4,1.48,0.23,2.68,10000,24,chain
8,1.48,0.23,2.68,10000,24,chain
16,1.48,0.23,2.67,10000,24,chain
32,1.76,0.27,3.0,10000,24,chain
64,1.75,0.27,3.06,10000,24,chain
128,2.33,0.42,3.79,10000,24,chain
256,2.77,0.59,4.8,10000,24,chain
512,2.57,0.48,4.26,10000,24,chain
1024,3.17,0.7,5.25,10000,24,chain
2048,3.98,0.99,6.76,10000,24,chain
4096,5.95,1.65,10.08,10000,24,chain
8192,9.17,2.7,16.13,10000,24,chain
16384,24.0,10.93,36.13,10000,24,chain
32768,37.99,18.22,58.07,10000,24,chain
65536,68.12,35.99,103.9,10000,24,chain
131072,124.88,66.05,190.55,10000,24,chain
262144,242.6,130.46,369.4,10000,24,chain
524288,477.46,257.21,721.93,10000,24,chain
1048576,882.66,453.83,1384.76,10000,24,chain
1,0.8,0.36,1.24,10000,10,chain
2,0.94,0.44,1.41,10000,10,chain
4,0.84,0.39,1.29,10000,10,chain
8,0.8,0.37,1.24,10000,10,chain
16,0.81,0.37,1.25,10000,10,chain
32,0.91,0.4,1.44,10000,10,chain
64,0.92,0.4,1.46,10000,10,chain
128,1.2,0.55,1.73,10000,10,chain
256,1.25,0.6,1.81,10000,10,chain
512,1.34,0.65,2.0,10000,10,chain
1024,1.72,0.87,2.41,10000,10,chain
2048,2.1,1.06,2.89,10000,10,chain
4096,3.15,1.64,4.24,10000,10,chain
8192,4.96,2.57,6.74,10000,10,chain
16384,11.34,7.51,14.22,10000,10,chain
32768,18.03,12.57,21.9,10000,10,chain
65536,31.72,22.55,39.01,10000,10,chain
131072,58.91,42.13,71.97,10000,10,chain
262144,111.85,80.98,136.42,10000,10,chain
524288,220.69,160.48,270.24,10000,10,chain
1048576,448.0,314.64,566.0,10000,10,chain
1,3.34,0.68,5.7,10000,40,chain
2,3.33,0.69,5.59,10000,40,chain
4,4.2,0.66,6.88,10000,40,chain
8,3.72,0.68,6.16,10000,40,chain
16,3.43,0.68,5.68,10000,40,chain
32,3.73,0.72,6.31,10000,40,chain
64,3.75,0.73,6.3,10000,40,chain
128,4.71,1.14,7.96,10000,40,chain
256,4.8,1.07,8.23,10000,40,chain
512,5.19,1.18,8.89,10000,40,chain
1024,6.11,1.34,10.34,10000,40,chain
2048,7.38,1.51,13.0,10000,40,chain
4096,10.63,2.2,18.73,10000,40,chain
8192,16.07,3.26,28.52,10000,40,chain
16384,38.49,12.54,62.5,10000,40,chain
32768,57.48,20.39,92.65,10000,40,chain
65536,97.25,38.41,156.34,10000,40,chain
131072,182.01,78.38,303.11,10000,40,chain
262144,349.77,158.39,586.64,10000,40,chain
524288,668.6,307.97,1064.65,10000,40,chain
1048576,1315.45,575.04,2169.63,10000,40,chain
1,3.21,1.47,4.19,10000,34,default
2,2.84,1.41,3.66,10000,34,default
4,2.76,1.32,3.54,10000,34,default
8,2.97,1.35,3.89,10000,34,default
16,2.91,1.36,4.03,10000,34,default
32,3.21,1.43,4.34,10000,34,default
64,3.15,1.54,4.25,10000,34,default
128,3.79,2.02,4.91,10000,34,default
256,3.92,2.21,5.09,10000,34,default
512,4.19,2.24,5.55,10000,34,default
1024,5.1,2.82,6.71,10000,34,default
2048,6.46,3.36,10.19,10000,34,default
4096,8.8,4.75,13.78,10000,34,default
8192,12.72,7.07,19.98,10000,34,default
16384,21.85,13.26,28.09,10000,34,default
32768,37.88,22.4,49.46,10000,34,default
65536,79.56,45.38,105.62,10000,34,default
131072,159.24,84.32,214.78,10000,34,default
262144,312.83,160.66,428.26,10000,34,default
524288,633.42,319.05,880.34,10000,34,default
1048576,1217.92,590.23,1697.28,10000,34,default
1,2.86,1.11,3.81,10000,36,default
2,2.62,0.97,3.49,10000,36,default
4,2.55,0.99,3.37,10000,36,default
8,2.52,0.97,3.32,10000,36,default
16,2.82,1.03,3.75,10000,36,default
32,3.22,1.1,4.75,10000,36,default
64,3.01,1.1,4.33,10000,36,default
128,3.55,1.91,4.39,10000,36,default
256,3.64,2.1,4.44,10000,36,default
512,3.99,2.16,5.02,10000,36,default
1024,4.94,2.71,6.25,10000,36,default
2048,6.45,4.01,10.33,10000,36,default
4096,8.76,5.56,13.86,10000,36,default
8192,12.63,8.13,20.07,10000,36,default
16384,22.11,13.36,28.63,10000,36,default
32768,39.46,23.01,52.05,10000,36,default
65536,80.9,45.51,107.86,10000,36,default
131072,161.3,85.86,218.78,10000,36,default
262144,318.91,163.66,442.03,10000,36,default
524288,652.26,323.81,925.28,10000,36,default
1048576,1163.41,435.22,1673.45,10000,36,default
1,1.76,0.57,2.87,10000,26,binary tree
2,1.56,0.47,2.65,10000,26,binary tree
4,1.43,0.28,2.58,10000,26,binary tree
8,1.41,0.26,2.56,10000,26,binary tree
16,1.43,0.26,2.57,10000,26,binary tree
32,1.65,0.29,2.7,10000,26,binary tree
64,1.63,0.28,2.73,10000,26,binary tree
128,2.32,0.54,3.53,10000,26,binary tree
256,2.47,0.54,3.91,10000,26,binary tree
512,2.44,0.55,3.64,10000,26,binary tree
1024,3.06,0.67,4.52,10000,26,binary tree
2048,3.85,0.92,5.81,10000,26,binary tree
4096,6.08,1.41,8.88,10000,26,binary tree
8192,9.56,1.93,14.09,10000,26,binary tree
16384,24.02,5.26,30.07,10000,26,binary tree
32768,39.26,8.16,49.67,10000,26,binary tree
65536,75.96,15.35,96.88,10000,26,binary tree
131072,143.04,26.85,180.82,10000,26,binary tree
262144,272.33,53.77,327.7,10000,26,binary tree
524288,528.7,106.11,648.5,10000,26,binary tree
1048576,1013.98,219.24,1264.51,10000,26,binary tree
1,1.27,0.65,2.45,10000,28,default
2,0.95,0.32,1.77,10000,28,default
4,0.83,0.15,1.46,10000,28,default
8,0.83,0.16,1.46,10000,28,default
16,0.83,0.15,1.44,10000,28,default
32,1.04,0.26,1.68,10000,28,default
64,1.01,0.23,1.63,10000,28,default
128,1.85,0.75,3.02,10000,28,default
256,2.1,0.86,3.47,10000,28,default
512,2.21,1.02,3.71,10000,28,default
1024,2.72,1.15,4.79,10000,28,default
2048,3.64,1.53,6.4,10000,28,default
4096,5.6,3.54,7.92,10000,28,default
8192,9.01,5.4,12.7,10000,28,default
16384,21.52,7.68,30.32,10000,28,default
32768,37.3,12.6,54.16,10000,28,default
65536,76.57,24.33,113.51,10000,28,default
131072,152.77,45.55,230.15,10000,28,default
262144,302.68,88.95,450.78,10000,28,default
524288,591.12,174.24,874.82,10000,28,default
1048576,793.89,714.21,907.91,10000,28,default
1,0.71,0.29,0.98,10000,10,default
2,0.71,0.28,0.98,10000,10,default
4,0.72,0.29,1.0,10000,10,default
8,0.83,0.22,1.21,10000,10,default
16,0.84,0.22,1.21,10000,10,default
32,0.96,0.24,1.35,10000,10,default
64,0.83,0.38,1.13,10000,10,default
128,1.25,0.66,1.74,10000,10,default
256,1.31,0.7,1.85,10000,10,default
512,1.38,0.74,1.97,10000,10,default
1024,1.81,1.14,2.5,10000,10,default
2048,2.21,1.42,3.03,10000,10,default
4096,3.34,0.92,4.36,10000,10,default
8192,5.19,1.47,6.91,10000,10,default
16384,11.52,6.59,16.92,10000,10,default
32768,17.17,7.91,20.65,10000,10,default
65536,33.78,20.6,38.13,10000,10,default
131072,66.81,53.4,71.92,10000,10,default
262144,133.44,119.34,139.68,10000,10,default
524288,271.57,254.99,279.55,10000,10,default
1048576,490.9,425.17,526.12,10000,10,default
1,3.51,0.22,5.78,10000,40,basic linear
2,3.42,0.19,5.64,10000,40,basic linear
4,3.71,0.28,5.97,10000,40,basic linear
8,3.51,0.19,5.95,10000,40,basic linear
16,3.45,0.18,5.74,10000,40,basic linear
32,4.53,0.29,8.1,10000,40,basic linear
64,4.48,0.3,8.39,10000,40,basic linear
128,8.45,0.63,16.59,10000,40,basic linear
256,8.8,0.66,17.77,10000,40,basic linear
512,9.22,0.68,18.95,10000,40,basic linear
1024,12.97,0.84,27.22,10000,40,basic linear
2048,16.4,1.17,34.29,10000,40,basic linear
4096,23.71,1.69,50.37,10000,40,basic linear
8192,35.13,2.34,75.31,10000,40,basic linear
16384,29.67,6.88,46.36,10000,40,basic linear
32768,64.41,13.33,91.84,10000,40,basic linear
65536,142.87,29.44,183.67,10000,40,basic linear
131072,299.89,50.67,357.94,10000,40,basic linear
262144,613.63,89.4,707.05,10000,40,basic linear
524288,1275.34,171.24,1436.17,10000,40,basic linear
1048576,2450.65,341.83,2760.29,10000,40,basic linear
1,0.19,0.1,0.28,10000,2,binary tree
2,0.2,0.11,0.3,10000,2,binary tree
4,0.19,0.1,0.28,10000,2,binary tree
8,0.18,0.1,0.27,10000,2,binary tree
16,0.19,0.1,0.27,10000,2,binary tree
32,0.22,0.1,0.33,10000,2,binary tree
64,0.23,0.11,0.34,10000,2,binary tree
128,0.3,0.14,0.45,10000,2,binary tree
256,0.3,0.14,0.46,10000,2,binary tree
512,0.31,0.14,0.48,10000,2,binary tree
1024,0.4,0.19,0.62,10000,2,binary tree
2048,0.51,0.21,0.8,10000,2,binary tree
4096,0.77,0.35,1.19,10000,2,binary tree
8192,1.21,0.59,1.83,10000,2,binary tree
16384,2.73,2.66,2.79,10000,2,binary tree
32768,4.68,4.57,4.78,10000,2,binary tree
65536,5.97,5.87,6.07,10000,2,binary tree
131072,8.58,8.46,8.7,10000,2,binary tree
262144,13.64,13.53,13.75,10000,2,binary tree
524288,26.39,26.25,26.53,10000,2,binary tree
1048576,57.02,56.98,57.06,10000,2,binary tree
1,2.34,0.34,3.63,10000,48,binary tree
2,2.51,0.46,3.82,10000,48,binary tree
4,2.58,0.46,3.83,10000,48,binary tree
8,2.36,0.36,3.63,10000,48,binary tree
16,2.31,0.34,3.5,10000,48,binary tree
32,2.7,0.45,4.14,10000,48,binary tree
64,2.94,0.5,4.5,10000,48,binary tree
128,3.81,0.78,5.75,10000,48,binary tree
256,4.02,0.81,6.13,10000,48,binary tree
512,4.27,0.81,6.61,10000,48,binary tree
1024,5.46,0.89,8.43,10000,48,binary tree
2048,6.95,1.12,11.13,10000,48,binary tree
4096,10.36,1.66,16.74,10000,48,binary tree
8192,15.96,2.22,26.35,10000,48,binary tree
16384,34.31,5.88,48.15,10000,48,binary tree
32768,56.25,9.22,80.85,10000,48,binary tree
65536,103.85,16.37,149.46,10000,48,binary tree
131072,211.99,28.24,287.96,10000,48,binary tree
262144,409.82,53.59,553.22,10000,48,binary tree
524288,825.17,105.74,1106.8,10000,48,binary tree
1048576,1532.94,223.83,2091.01,10000,48,binary tree
1,0.95,0.22,1.49,10000,16,basic linear
2,1.06,0.29,1.68,10000,16,basic linear
4,0.99,0.28,1.55,10000,16,basic linear
8,0.99,0.28,1.56,10000,16,basic linear
16,0.99,0.28,1.57,10000,16,basic linear
32,1.22,0.31,2.03,10000,16,basic linear
64,1.17,0.31,1.92,10000,16,basic linear
128,2.17,0.47,3.72,10000,16,basic linear
256,2.25,0.48,3.86,10000,16,basic linear
512,2.23,0.48,3.81,10000,16,basic linear
1024,3.26,0.7,5.62,10000,16,basic linear
2048,4.07,0.95,6.95,10000,16,basic linear
4096,6.07,1.26,10.54,10000,16,basic linear
8192,9.36,1.95,16.01,10000,16,basic linear
16384,13.2,4.2,18.28,10000,16,basic linear
32768,25.77,7.27,32.53,10000,16,basic linear
65536,52.13,24.44,60.31,10000,16,basic linear
131072,104.03,74.81,113.2,10000,16,basic linear
262144,209.94,180.3,220.65,10000,16,basic linear
524288,427.65,388.19,440.65,10000,16,basic linear
1048576,809.21,559.0,856.37,10000,16,basic linear
1,1.77,0.44,4.32,10000,30,chain
2,1.62,0.41,3.92,10000,30,chain
4,1.62,0.4,3.86,10000,30,chain
8,1.6,0.4,3.85,10000,30,chain
16,1.6,0.4,3.85,10000,30,chain
32,1.98,0.41,4.19,10000,30,chain
64,2.25,0.41,4.65,10000,30,chain
128,2.77,0.56,5.24,10000,30,chain
256,2.66,0.56,4.98,10000,30,chain
512,2.86,0.62,5.31,10000,30,chain
1024,3.61,0.8,6.58,10000,30,chain
2048,4.59,1.04,8.42,10000,30,chain
4096,7.1,1.98,12.36,10000,30,chain
8192,10.85,2.88,18.77,10000,30,chain
16384,27.93,10.99,40.4,10000,30,chain
32768,44.58,19.02,64.19,10000,30,chain
65536,78.13,35.4,111.31,10000,30,chain
131072,143.92,66.06,209.11,10000,30,chain
262144,277.75,129.71,404.83,10000,30,chain
524288,547.92,255.32,798.22,10000,30,chain
1048576,1062.96,492.44,1559.28,10000,30,chain
1,1.64,0.47,3.18,10000,26,chain
2,1.52,0.43,3.03,10000,26,chain
4,1.49,0.41,2.98,10000,26,chain
8,1.49,0.41,2.96,10000,26,chain
16,1.49,0.41,2.97,10000,26,chain
32,1.78,0.43,3.41,10000,26,chain
64,1.78,0.42,3.43,10000,26,chain
128,2.92,0.67,5.28,10000,26,chain
256,2.51,0.56,4.47,10000,26,chain
512,2.57,0.6,4.71,10000,26,chain
1024,3.24,0.84,5.84,10000,26,chain
2048,4.13,1.12,7.58,10000,26,chain
4096,6.33,2.08,11.04,10000,26,chain
8192,9.74,3.04,16.9,10000,26,chain
16384,25.18,10.9,35.7,10000,26,chain
32768,40.17,18.46,58.34,10000,26,chain
65536,70.33,34.36,102.08,10000,26,chain
131072,131.21,65.84,190.88,10000,26,chain
262144,260.4,131.87,399.21,10000,26,chain
524288,483.08,239.37,741.38,10000,26,chain
1048576,954.39,474.6,1461.16,10000,26,chain
1,2.28,0.53,3.22,10000,40,default
2,2.17,0.43,3.05,10000,40,default
4,2.31,0.52,3.23,10000,40,default
8,2.32,0.55,3.41,10000,40,default
16,2.32,0.53,3.4,10000,40,default
32,2.53,0.54,3.71,10000,40,default
64,2.44,0.51,3.51,10000,40,default
128,3.19,1.2,4.34,10000,40,default
256,3.32,1.26,4.52,10000,40,default
512,3.63,1.5,4.93,10000,40,default
1024,4.66,2.17,6.16,10000,40,default
2048,5.82,2.2,9.5,10000,40,default
4096,8.19,3.9,13.22,10000,40,default
8192,12.33,6.65,20.09,10000,40,default
16384,21.86,13.27,28.44,10000,40,default
32768,38.74,22.92,51.18,10000,40,default
65536,79.56,46.32,105.02,10000,40,default
131072,158.18,83.51,218.11,10000,40,default
262144,323.84,163.03,466.11,10000,40,default
524288,642.6,326.11,924.66,10000,40,default
1048576,1240.39,593.48,1779.39,10000,40,default
1,1.45,0.5,1.93,10000,18,basic linear
2,1.36,0.38,1.82,10000,18,basic linear
4,1.25,0.31,1.69,10000,18,basic linear
8,1.21,0.29,1.64,10000,18,basic linear
16,1.22,0.29,1.64,10000,18,basic linear
32,1.55,0.31,2.23,10000,18,basic linear
64,1.48,0.3,2.05,10000,18,basic linear
128,2.39,0.46,3.85,10000,18,basic linear
256,2.46,0.47,3.96,10000,18,basic linear
512,2.45,0.5,3.88,10000,18,basic linear
1024,3.82,1.13,6.35,10000,18,basic linear
2048,4.37,0.94,7.38,10000,18,basic linear
4096,6.69,1.52,11.35,10000,18,basic linear
8192,9.85,2.16,16.98,10000,18,basic linear
16384,15.53,4.26,21.15,10000,18,basic linear
32768,29.25,7.72,36.87,10000,18,basic linear
65536,59.17,28.56,68.46,10000,18,basic linear
131072,118.01,84.88,128.56,10000,18,basic linear
262144,238.52,202.19,251.78,10000,18,basic linear
524288,478.11,433.15,494.62,10000,18,basic linear
1048576,916.11,610.75,964.15,10000,18,basic linear
1,0.78,0.3,1.38,10000,14,chain
2,0.82,0.37,1.42,10000,14,chain
4,0.76,0.34,1.34,10000,14,chain
8,0.77,0.35,1.34,10000,14,chain
16,0.76,0.34,1.33,10000,14,chain
32,0.9,0.36,1.48,10000,14,chain
64,0.88,0.36,1.49,10000,14,chain
128,1.28,0.53,1.97,10000,14,chain
256,1.33,0.55,2.04,10000,14,chain
512,1.46,0.63,2.17,10000,14,chain
1024,1.87,0.8,2.69,10000,14,chain
2048,2.39,1.03,3.6,10000,14,chain
4096,3.61,1.57,5.44,10000,14,chain
8192,6.19,2.87,9.38,10000,14,chain
16384,14.43,7.84,18.47,10000,14,chain
32768,22.77,13.35,28.15,10000,14,chain
65536,39.68,23.65,49.75,10000,14,chain
131072,74.06,44.08,95.21,10000,14,chain
262144,142.47,85.37,183.62,10000,14,chain
524288,276.57,165.53,357.7,10000,14,chain
1048576,553.51,329.79,730.72,10000,14,chain
1,0.85,0.26,1.2,10000,12,binary tree
2,0.91,0.28,1.3,10000,12,binary tree
4,0.85,0.26,1.22,10000,12,binary tree
8,0.85,0.26,1.2,10000,12,binary tree
16,0.84,0.26,1.2,10000,12,binary tree
32,0.98,0.27,1.38,10000,12,binary tree
64,0.96,0.26,1.33,10000,12,binary tree
128,1.3,0.45,1.81,10000,12,binary tree
256,1.36,0.46,1.87,10000,12,binary tree
512,1.46,0.46,1.91,10000,12,binary tree
1024,1.9,0.58,2.54,10000,12,binary tree
2048,2.41,0.71,3.34,10000,12,binary tree
4096,3.57,0.99,5.09,10000,12,binary tree
8192,5.89,1.53,8.16,10000,12,binary tree
16384,14.12,5.49,16.28,10000,12,binary tree
32768,22.34,8.7,26.71,10000,12,binary tree
65536,38.74,15.11,46.82,10000,12,binary tree
131072,68.65,25.89,84.33,10000,12,binary tree
262144,128.01,49.4,154.52,10000,12,binary tree
524288,248.19,97.22,299.47,10000,12,binary tree
1048576,515.05,207.58,619.34,10000,12,binary tree
1,3.77,0.38,6.76,10000,48,basic linear
2,3.56,0.13,6.48,10000,48,basic linear
4,3.51,0.11,6.49,10000,48,basic linear
8,3.46,0.11,6.37,10000,48,basic linear
16,3.46,0.11,6.39,10000,48,basic linear
32,4.57,0.21,8.66,10000,48,basic linear
64,4.57,0.18,9.09,10000,48,basic linear
128,9.5,0.57,17.48,10000,48,basic linear
256,9.9,0.61,18.41,10000,48,basic linear
512,10.43,0.58,19.62,10000,48,basic linear
1024,14.91,0.79,27.92,10000,48,basic linear
2048,19.41,1.2,36.81,10000,48,basic linear
4096,27.76,1.62,54.05,10000,48,basic linear
8192,41.67,2.35,80.57,10000,48,basic linear
16384,30.52,6.9,48.51,10000,48,basic linear
32768,61.08,12.89,93.98,10000,48,basic linear
65536,135.8,48.11,185.66,10000,48,basic linear
131072,282.61,111.19,361.82,10000,48,basic linear
262144,449.01,238.73,598.56,10000,48,basic linear
524288,946.54,398.86,1223.22,10000,48,basic linear
1048576,2024.93,1002.66,2546.2,10000,48,basic linear
1,1.46,0.47,2.82,10000,30,binary tree
2,1.42,0.39,2.79,10000,30,binary tree
4,1.37,0.31,2.74,10000,30,binary tree
8,1.37,0.31,2.73,10000,30,binary tree
16,1.38,0.31,2.73,10000,30,binary tree
32,1.73,0.33,2.99,10000,30,binary tree
64,1.65,0.32,2.96,10000,30,binary tree
128,2.61,0.51,4.21,10000,30,binary tree
256,2.74,0.52,4.1,10000,30,binary tree
512,2.78,0.53,4.48,10000,30,binary tree
1024,3.5,0.69,5.56,10000,30,binary tree
2048,4.36,0.89,6.91,10000,30,binary tree
4096,6.8,1.41,10.24,10000,30,binary tree
8192,10.65,1.92,15.67,10000,30,binary tree
16384,24.47,5.31,29.64,10000,30,binary tree
32768,41.21,8.35,50.81,10000,30,binary tree
65536,78.71,15.49,97.73,10000,30,binary tree
131072,151.26,29.01,186.17,10000,30,binary tree
262144,288.71,53.8,349.75,10000,30,binary tree
524288,557.81,104.68,663.31,10000,30,binary tree
1048576,1040.06,214.0,1251.0,10000,30,binary tree
1,0.81,0.23,1.02,10000,10,basic linear
2,0.83,0.25,1.04,10000,10,basic linear
4,0.82,0.24,1.04,10000,10,basic linear
8,0.82,0.24,1.03,10000,10,basic linear
16,0.81,0.23,1.01,10000,10,basic linear
32,0.98,0.29,1.24,10000,10,basic linear
64,0.96,0.28,1.21,10000,10,basic linear
128,1.44,0.41,2.01,10000,10,basic linear
256,1.49,0.45,2.09,10000,10,basic linear
512,1.49,0.47,2.03,10000,10,basic linear
1024,2.17,0.72,3.15,10000,10,basic linear
2048,2.64,0.9,3.9,10000,10,basic linear
4096,3.99,1.33,6.06,10000,10,basic linear
8192,6.23,1.97,9.6,10000,10,basic linear
16384,9.35,4.02,11.93,10000,10,basic linear
32768,17.15,7.22,20.66,10000,10,basic linear
65536,33.67,20.7,37.99,10000,10,basic linear
131072,66.06,50.49,71.15,10000,10,basic linear
262144,132.33,115.51,138.24,10000,10,basic linear
524288,264.0,248.24,271.42,10000,10,basic linear
1048576,489.33,384.78,522.84,10000,10,basic linear
1,1.31,0.29,1.79,10000,18,binary tree
2,1.29,0.28,1.69,10000,18,binary tree
4,1.19,0.27,1.55,10000,18,binary tree
8,1.15,0.26,1.53,10000,18,binary tree
16,1.16,0.27,1.54,10000,18,binary tree
32,1.32,0.27,1.71,10000,18,binary tree
64,1.29,0.27,1.69,10000,18,binary tree
128,1.73,0.4,2.18,10000,18,binary tree
256,1.81,0.42,2.27,10000,18,binary tree
512,1.91,0.4,2.42,10000,18,binary tree
1024,2.42,0.51,3.03,10000,18,binary tree
2048,3.02,0.66,3.82,10000,18,binary tree
4096,5.07,0.96,6.59,10000,18,binary tree
8192,7.51,1.68,10.06,10000,18,binary tree
16384,16.68,5.3,21.05,10000,18,binary tree
32768,25.74,8.33,31.68,10000,18,binary tree
65536,46.76,15.3,56.54,10000,18,binary tree
131072,90.07,29.7,109.04,10000,18,binary tree
262144,169.1,55.92,204.33,10000,18,binary tree
524288,333.49,109.6,401.98,10000,18,binary tree
1048576,669.42,228.39,812.57,10000,18,binary tree
1,1.35,0.43,2.03,10000,18,chain
2,1.35,0.45,2.04,10000,18,chain
4,1.29,0.43,1.95,10000,18,chain
8,1.28,0.43,1.94,10000,18,chain
16,1.29,0.43,1.94,10000,18,chain
32,1.43,0.45,2.22,10000,18,chain
64,1.44,0.45,2.25,10000,18,chain
128,1.85,0.65,2.67,10000,18,chain
256,1.93,0.69,2.8,10000,18,chain
512,2.09,0.75,3.12,10000,18,chain
1024,2.66,0.99,3.81,10000,18,chain
2048,3.62,1.48,5.53,10000,18,chain
4096,4.84,2.08,7.28,10000,18,chain
8192,7.5,3.05,11.36,10000,18,chain
16384,17.55,7.92,23.87,10000,18,chain
32768,27.22,12.91,36.66,10000,18,chain
65536,46.53,24.1,61.96,10000,18,chain
131072,87.53,46.44,115.1,10000,18,chain
262144,167.59,90.3,220.64,10000,18,chain
524288,328.89,177.1,433.51,10000,18,chain
1048576,684.94,364.3,921.27,10000,18,chain
1,0.17,0.09,0.25,10000,2,basic linear
2,0.17,0.09,0.26,10000,2,basic linear
4,0.17,0.09,0.26,10000,2,basic linear
8,0.17,0.09,0.26,10000,2,basic linear
16,0.17,0.09,0.25,10000,2,basic linear
32,0.21,0.09,0.32,10000,2,basic linear
64,0.21,0.1,0.33,10000,2,basic linear
128,0.28,0.13,0.43,10000,2,basic linear
256,0.29,0.15,0.43,10000,2,basic linear
512,0.32,0.14,0.5,10000,2,basic linear
1024,0.39,0.16,0.62,10000,2,basic linear
2048,0.48,0.18,0.77,10000,2,basic linear
4096,0.75,0.34,1.16,10000,2,basic linear
8192,1.2,0.57,1.83,10000,2,basic linear
16384,2.75,2.71,2.78,10000,2,basic linear
32768,4.66,4.56,4.75,10000,2,basic linear
65536,5.88,5.78,5.97,10000,2,basic linear
131072,8.53,8.43,8.64,10000,2,basic linear
262144,13.71,13.61,13.81,10000,2,basic linear
524288,25.97,25.87,26.07,10000,2,basic linear
1048576,56.1,56.09,56.12,10000,2,basic linear
1,2.94,0.66,5.26,10000,44,chain
2,3.44,0.66,6.28,10000,44,chain
4,3.33,0.63,5.56,10000,44,chain
8,3.03,0.65,5.25,10000,44,chain
16,2.94,0.65,5.24,10000,44,chain
32,3.46,0.71,6.06,10000,44,chain
64,3.61,0.76,6.15,10000,44,chain
128,4.53,0.99,7.61,10000,44,chain
256,4.73,1.01,7.83,10000,44,chain
512,5.07,0.98,8.55,10000,44,chain
1024,6.21,1.18,10.49,10000,44,chain
2048,7.63,1.5,13.39,10000,44,chain
4096,11.16,2.2,19.87,10000,44,chain
8192,17.4,3.35,30.87,10000,44,chain
16384,40.7,12.39,66.98,10000,44,chain
32768,61.08,20.29,100.4,10000,44,chain
65536,103.5,38.49,168.45,10000,44,chain
131072,188.57,75.2,306.14,10000,44,chain
262144,366.95,153.58,608.51,10000,44,chain
524288,706.93,299.58,1155.08,10000,44,chain
1048576,1390.0,569.12,2263.7,10000,44,chain
1,1.51,0.24,2.42,10000,22,binary tree
2,1.47,0.24,2.28,10000,22,binary tree
4,1.45,0.26,2.2,10000,22,binary tree
8,1.43,0.25,2.2,10000,22,binary tree
16,1.43,0.24,2.2,10000,22,binary tree
32,1.65,0.29,2.36,10000,22,binary tree
64,1.61,0.28,2.38,10000,22,binary tree
128,2.1,0.47,2.91,10000,22,binary tree
256,2.21,0.5,2.99,10000,22,binary tree
512,2.54,0.48,3.72,10000,22,binary tree
1024,2.87,0.75,4.14,10000,22,binary tree
2048,3.52,0.85,5.18,10000,22,binary tree
4096,5.47,1.35,7.85,10000,22,binary tree
8192,8.55,1.93,12.48,10000,22,binary tree
16384,20.87,5.44,27.27,10000,22,binary tree
32768,33.42,8.43,43.78,10000,22,binary tree
65536,63.51,15.94,85.94,10000,22,binary tree
131072,117.72,29.07,160.69,10000,22,binary tree
262144,226.33,56.45,308.35,10000,22,binary tree
524288,440.28,109.26,585.21,10000,22,binary tree
1048576,836.7,221.8,1118.55,10000,22,binary tree
1,1.5,0.72,2.41,10000,32,default
2,1.49,0.76,2.41,10000,32,default
4,1.48,0.77,2.44,10000,32,default
8,1.45,0.75,2.41,10000,32,default
16,1.62,0.76,2.56,10000,32,default
32,2.07,0.99,3.4,10000,32,default
64,1.85,0.95,3.27,10000,32,default
128,2.91,1.75,4.35,10000,32,default
256,2.82,1.75,4.22,10000,32,default
512,3.17,1.83,4.81,10000,32,default
1024,3.95,2.12,5.87,10000,32,default
2048,5.02,2.42,9.11,10000,32,default
4096,7.18,3.55,12.84,10000,32,default
8192,10.6,5.26,18.82,10000,32,default
16384,19.75,9.71,27.3,10000,32,default
32768,37.02,16.25,52.46,10000,32,default
65536,72.65,31.17,101.28,10000,32,default
131072,144.86,60.18,204.94,10000,32,default
262144,290.47,118.01,414.03,10000,32,default
524288,581.69,234.89,833.75,10000,32,default
1048576,1038.67,428.57,1473.38,10000,32,default
1,2.93,0.52,3.88,10000,36,binary tree
2,2.7,0.46,3.52,10000,36,binary tree
4,2.7,0.44,3.56,10000,36,binary tree
8,2.67,0.45,3.49,10000,36,binary tree
16,3.11,0.45,4.31,10000,36,binary tree
32,3.25,0.49,4.21,10000,36,binary tree
64,3.24,0.47,4.16,10000,36,binary tree
128,4.11,0.72,5.36,10000,36,binary tree
256,4.31,0.76,5.73,10000,36,binary tree
512,4.6,0.76,6.23,10000,36,binary tree
1024,5.58,0.84,7.72,10000,36,binary tree
2048,6.66,1.0,9.48,10000,36,binary tree
4096,9.46,1.5,13.11,10000,36,binary tree
8192,14.06,2.03,19.59,10000,36,binary tree
16384,29.18,5.55,38.62,10000,36,binary tree
32768,49.73,9.23,66.0,10000,36,binary tree
65536,90.78,16.11,120.0,10000,36,binary tree
131072,174.81,29.6,231.42,10000,36,binary tree
262144,335.77,55.74,456.27,10000,36,binary tree
524288,639.19,107.58,841.45,10000,36,binary tree
1048576,1225.79,219.54,1613.68,10000,36,binary tree
1,3.28,0.56,5.72,10000,32,basic linear
2,3.26,0.4,5.8,10000,32,basic linear
4,3.21,0.41,5.74,10000,32,basic linear
8,3.31,0.5,5.92,10000,32,basic linear
16,3.36,0.5,6.03,10000,32,basic linear
32,3.86,0.55,7.49,10000,32,basic linear
64,3.7,0.53,7.05,10000,32,basic linear
128,7.33,0.53,15.77,10000,32,basic linear
256,7.56,0.55,16.35,10000,32,basic linear
512,7.9,0.62,17.31,10000,32,basic linear
1024,10.37,0.74,23.58,10000,32,basic linear
2048,12.37,0.95,28.04,10000,32,basic linear
4096,17.63,1.45,39.73,10000,32,basic linear
8192,26.09,2.23,59.81,10000,32,basic linear
16384,27.74,7.37,41.37,10000,32,basic linear
32768,65.34,20.75,84.99,10000,32,basic linear
65536,143.9,89.69,166.9,10000,32,basic linear
131072,299.17,246.7,323.52,10000,32,basic linear
262144,604.24,550.04,633.26,10000,32,basic linear
524288,1255.39,1191.6,1289.88,10000,32,basic linear
1048576,2279.13,2038.39,2378.12,10000,32,basic linear
1,2.24,0.49,3.07,10000,38,default
2,2.18,0.44,2.94,10000,38,default
4,2.49,0.52,3.51,10000,38,default
8,2.48,0.56,3.46,10000,38,default
16,2.29,0.44,3.13,10000,38,default
32,2.7,0.58,3.68,10000,38,default
64,2.47,0.55,3.34,10000,38,default
128,3.25,1.26,4.32,10000,38,default
256,3.36,1.34,4.44,10000,38,default
512,3.65,1.54,4.78,10000,38,default
1024,4.7,2.24,6.07,10000,38,default
2048,6.12,2.46,10.0,10000,38,default
4096,8.48,4.08,13.7,10000,38,default
8192,12.4,6.6,20.04,10000,38,default
16384,21.63,13.81,28.74,10000,38,default
32768,38.14,23.04,50.77,10000,38,default
65536,78.07,44.65,103.17,10000,38,default
131072,158.15,83.45,219.18,10000,38,default
262144,313.12,162.76,441.81,10000,38,default
524288,632.0,323.79,902.64,10000,38,default
1048576,1206.83,603.46,1725.23,10000,38,default
1,3.43,0.55,4.87,10000,36,basic linear
2,3.4,0.55,4.87,10000,36,basic linear
4,3.36,0.55,4.84,10000,36,basic linear
8,3.61,0.78,5.17,10000,36,basic linear
16,3.41,0.56,4.88,10000,36,basic linear
32,4.54,0.66,7.81,10000,36,basic linear
64,4.33,0.65,7.26,10000,36,basic linear
128,7.71,0.7,15.93,10000,36,basic linear
256,7.93,0.73,16.6,10000,36,basic linear
512,8.29,0.75,17.75,10000,36,basic linear
1024,11.52,0.93,25.88,10000,36,basic linear
2048,13.92,1.11,31.14,10000,36,basic linear
4096,20.49,1.78,45.9,10000,36,basic linear
8192,30.43,2.34,70.24,10000,36,basic linear
16384,30.43,6.62,46.13,10000,36,basic linear
32768,68.08,13.88,91.95,10000,36,basic linear
65536,157.22,70.33,185.89,10000,36,basic linear
131072,330.33,243.8,360.25,10000,36,basic linear
262144,673.03,589.76,705.75,10000,36,basic linear
524288,1386.55,1295.08,1424.23,10000,36,basic linear
1048576,2703.39,2533.8,2778.75,10000,36,basic linear
1,0.84,0.61,1.15,10000,16,default
2,0.91,0.66,1.19,10000,16,default
4,0.81,0.63,1.06,10000,16,default
8,0.76,0.59,0.99,10000,16,default
16,0.75,0.58,0.98,10000,16,default
32,0.89,0.67,1.18,10000,16,default
64,0.86,0.66,1.12,10000,16,default
128,1.45,1.07,1.97,10000,16,default
256,1.5,1.11,2.03,10000,16,default
512,1.62,1.24,2.18,10000,16,default
1024,2.1,1.52,2.81,10000,16,default
2048,2.6,1.85,3.5,10000,16,default
4096,3.96,2.37,5.52,10000,16,default
8192,6.57,3.84,9.28,10000,16,default
16384,14.61,6.48,22.26,10000,16,default
32768,24.25,10.48,36.06,10000,16,default
65536,44.7,18.15,66.95,10000,16,default
131072,86.38,34.37,130.28,10000,16,default
262144,166.83,67.81,251.72,10000,16,default
524288,324.43,139.6,477.51,10000,16,default
1048576,495.25,490.93,501.7,10000,16,default
1,0.46,0.16,0.63,10000,6,default
2,0.48,0.16,0.65,10000,6,default
4,0.47,0.16,0.64,10000,6,default
8,0.46,0.16,0.63,10000,6,default
16,0.46,0.16,0.63,10000,6,default
32,0.56,0.17,0.73,10000,6,default
64,0.5,0.23,0.72,10000,6,default
128,0.74,0.26,0.95,10000,6,default
256,0.77,0.27,0.97,10000,6,default
512,0.85,0.28,1.04,10000,6,default
1024,1.11,0.37,1.34,10000,6,default
2048,1.45,0.8,1.94,10000,6,default
4096,2.24,1.36,3.03,10000,6,default
8192,3.71,1.82,5.4,10000,6,default
16384,6.43,3.61,7.81,10000,6,default
32768,10.87,5.77,13.12,10000,6,default
65536,20.11,14.34,22.34,10000,6,default
131072,39.49,32.6,42.09,10000,6,default
262144,78.37,71.78,81.46,10000,6,default
524288,160.16,151.19,164.25,10000,6,default
1048576,426.4,110.48,637.16,10000,6,default
1,0.59,0.34,0.84,10000,8,basic linear
2,0.6,0.34,0.85,10000,8,basic linear
4,0.59,0.33,0.82,10000,8,basic linear
8,0.58,0.33,0.82,10000,8,basic linear
16,0.59,0.33,0.85,10000,8,basic linear
32,0.75,0.39,1.1,10000,8,basic linear
64,0.72,0.39,1.05,10000,8,basic linear
128,1.22,0.47,1.85,10000,8,basic linear
256,1.26,0.47,1.92,10000,8,basic linear
512,1.3,0.55,1.93,10000,8,basic linear
1024,1.77,0.69,2.72,10000,8,basic linear
2048,2.17,0.82,3.31,10000,8,basic linear
4096,3.3,1.2,5.07,10000,8,basic linear
8192,5.11,1.86,7.86,10000,8,basic linear
16384,7.63,3.93,10.04,10000,8,basic linear
32768,13.42,6.87,16.06,10000,8,basic linear
65536,26.72,18.17,29.91,10000,8,basic linear
131072,52.11,43.35,55.88,10000,8,basic linear
262144,105.41,98.38,110.22,10000,8,basic linear
524288,212.72,203.76,218.96,10000,8,basic linear
1048576,411.58,341.95,431.87,10000,8,basic linear
1,2.41,0.3,3.51,10000,44,binary tree
2,2.42,0.3,3.65,10000,44,binary tree
4,2.59,0.44,3.81,10000,44,binary tree
8,2.66,0.4,3.87,10000,44,binary tree
16,2.41,0.3,3.47,10000,44,binary tree
32,2.76,0.4,4.01,10000,44,binary tree
64,2.81,0.38,4.01,10000,44,binary tree
128,3.55,0.73,5.2,10000,44,binary tree
256,3.7,0.76,5.38,10000,44,binary tree
512,3.97,0.74,5.82,10000,44,binary tree
1024,5.1,0.84,7.59,10000,44,binary tree
2048,6.27,1.02,9.82,10000,44,binary tree
4096,9.44,1.52,14.95,10000,44,binary tree
8192,14.77,2.02,23.59,10000,44,binary tree
16384,32.13,5.84,42.73,10000,44,binary tree
32768,53.21,9.14,70.63,10000,44,binary tree
65536,97.1,16.14,128.91,10000,44,binary tree
131072,189.68,29.44,248.88,10000,44,binary tree
262144,363.31,54.97,474.95,10000,44,binary tree
524288,711.78,107.11,933.57,10000,44,binary tree
1048576,1320.69,224.17,1710.35,10000,44,binary tree
1,2.13,0.39,3.32,10000,44,default
2,2.04,0.34,3.17,10000,44,default
4,2.03,0.34,3.16,10000,44,default
8,2.3,0.47,3.54,10000,44,default
16,2.42,0.48,3.69,10000,44,default
32,2.35,0.48,3.74,10000,44,default
64,2.35,0.44,3.6,10000,44,default
128,3.03,1.02,4.46,10000,44,default
256,3.19,1.14,4.57,10000,44,default
512,3.5,1.31,4.95,10000,44,default
1024,4.61,2.01,6.33,10000,44,default
2048,5.63,2.13,9.41,10000,44,default
4096,8.12,3.84,13.16,10000,44,default
8192,12.37,6.58,20.11,10000,44,default
16384,22.38,13.62,28.98,10000,44,default
32768,39.65,22.92,51.81,10000,44,default
65536,81.11,45.23,106.82,10000,44,default
131072,160.44,84.1,221.69,10000,44,default
262144,313.85,161.08,436.86,10000,44,default
524288,630.51,322.81,886.47,10000,44,default
1048576,1226.02,599.39,1761.08,10000,44,default
1,2.39,0.09,4.58,10000,28,basic linear
2,1.91,0.08,3.82,10000,28,basic linear
4,1.88,0.08,3.75,10000,28,basic linear
8,1.86,0.08,3.74,10000,28,basic linear
16,1.88,0.08,3.76,10000,28,basic linear
32,2.56,0.1,5.22,10000,28,basic linear
64,2.68,0.28,5.04,10000,28,basic linear
128,5.23,0.24,11.19,10000,28,basic linear
256,5.31,0.24,11.46,10000,28,basic linear
512,5.49,0.28,12.14,10000,28,basic linear
1024,7.45,0.47,17.13,10000,28,basic linear
2048,8.99,0.75,20.6,10000,28,basic linear
4096,12.75,1.28,29.4,10000,28,basic linear
8192,19.69,2.12,45.1,10000,28,basic linear
16384,25.09,7.67,38.36,10000,28,basic linear
32768,55.16,19.54,72.29,10000,28,basic linear
65536,120.03,76.92,140.36,10000,28,basic linear
131072,243.99,201.29,265.98,10000,28,basic linear
262144,500.53,451.56,531.93,10000,28,basic linear
524288,1020.8,954.85,1067.16,10000,28,basic linear
1048576,1748.35,1421.9,1902.02,10000,28,basic linear
1,3.48,0.7,5.22,10000,36,chain
2,3.39,0.7,5.07,10000,36,chain
4,3.35,0.68,5.03,10000,36,chain
8,3.92,0.7,6.06,10000,36,chain
16,3.55,0.71,5.36,10000,36,chain
32,4.03,0.75,6.02,10000,36,chain
64,3.8,0.74,5.86,10000,36,chain
128,4.67,0.91,7.27,10000,36,chain
256,4.79,0.98,7.49,10000,36,chain
512,5.17,0.99,8.25,10000,36,chain
1024,6.07,1.2,9.79,10000,36,chain
2048,7.12,1.43,11.52,10000,36,chain
4096,10.11,2.18,16.36,10000,36,chain
8192,14.91,3.06,24.4,10000,36,chain
16384,35.57,12.46,57.2,10000,36,chain
32768,53.9,20.37,85.92,10000,36,chain
65536,91.45,38.73,146.62,10000,36,chain
131072,169.72,77.53,269.48,10000,36,chain
262144,331.47,158.68,547.76,10000,36,chain
524288,635.65,307.7,998.3,10000,36,chain
1048576,1268.11,597.07,2005.36,10000,36,chain
1,0.77,0.14,1.22,10000,14,basic linear
2,0.86,0.19,1.32,10000,14,basic linear
4,0.79,0.13,1.23,10000,14,basic linear
8,0.81,0.14,1.27,10000,14,basic linear
16,0.8,0.13,1.25,10000,14,basic linear
32,1.08,0.22,1.72,10000,14,basic linear
64,1.03,0.2,1.62,10000,14,basic linear
128,1.75,0.39,2.98,10000,14,basic linear
256,1.81,0.41,3.07,10000,14,basic linear
512,1.73,0.42,2.87,10000,14,basic linear
1024,2.66,0.72,4.49,10000,14,basic linear
2048,3.3,0.86,5.54,10000,14,basic linear
4096,5.01,1.26,8.45,10000,14,basic linear
8192,8.08,2.01,13.49,10000,14,basic linear
16384,11.87,4.11,16.19,10000,14,basic linear
32768,22.74,7.19,28.52,10000,14,basic linear
65536,46.16,27.4,52.91,10000,14,basic linear
131072,91.45,70.22,99.34,10000,14,basic linear
262144,182.0,160.31,190.33,10000,14,basic linear
524288,361.59,330.75,373.39,10000,14,basic linear
1048576,708.11,517.35,745.24,10000,14,basic linear
1,0.9,0.65,1.22,10000,8,default
2,0.78,0.61,1.0,10000,8,default
4,0.66,0.49,0.88,10000,8,default
8,0.68,0.3,0.88,10000,8,default
16,0.64,0.28,0.85,10000,8,default
32,0.75,0.29,1.04,10000,8,default
64,0.63,0.37,0.9,10000,8,default
128,1.05,0.66,1.47,10000,8,default
256,1.06,0.68,1.48,10000,8,default
512,1.17,0.77,1.63,10000,8,default
1024,1.51,0.99,2.11,10000,8,default
2048,1.88,1.23,2.63,10000,8,default
4096,2.95,1.04,4.03,10000,8,default
8192,4.58,1.63,6.24,10000,8,default
16384,10.77,5.6,15.41,10000,8,default
32768,11.39,6.01,13.89,10000,8,default
65536,19.01,9.61,23.87,10000,8,default
131072,42.22,21.03,48.63,10000,8,default
262144,94.38,70.75,101.58,10000,8,default
524288,199.63,174.45,208.87,10000,8,default
1048576,379.81,283.25,408.52,10000,8,default
1,1.45,0.32,2.44,10000,24,binary tree
2,1.44,0.31,2.44,10000,24,binary tree
4,1.43,0.32,2.41,10000,24,binary tree
8,1.42,0.31,2.4,10000,24,binary tree
16,1.42,0.31,2.41,10000,24,binary tree
32,1.63,0.32,2.59,10000,24,binary tree
64,1.62,0.32,2.6,10000,24,binary tree
128,2.18,0.61,3.37,10000,24,binary tree
256,2.61,0.61,3.73,10000,24,binary tree
512,2.57,0.64,3.85,10000,24,binary tree
1024,3.02,0.78,4.59,10000,24,binary tree
2048,3.77,0.95,5.87,10000,24,binary tree
4096,5.89,1.41,8.82,10000,24,binary tree
8192,9.12,1.93,13.8,10000,24,binary tree
16384,22.45,5.26,27.99,10000,24,binary tree
32768,36.25,8.22,45.78,10000,24,binary tree
65536,68.64,15.48,86.94,10000,24,binary tree
131072,127.02,26.75,161.39,10000,24,binary tree
262144,246.69,53.05,323.21,10000,24,binary tree
524288,488.81,106.28,639.51,10000,24,binary tree
1048576,904.35,215.1,1159.06,10000,24,binary tree
1,2.56,0.47,3.42,10000,38,binary tree
2,2.53,0.45,3.36,10000,38,binary tree
4,2.53,0.44,3.33,10000,38,binary tree
8,2.81,0.53,3.88,10000,38,binary tree
16,2.78,0.48,3.71,10000,38,binary tree
32,2.97,0.49,3.89,10000,38,binary tree
64,2.93,0.49,3.99,10000,38,binary tree
128,3.72,0.75,5.04,10000,38,binary tree
256,3.86,0.78,5.25,10000,38,binary tree
512,4.14,0.81,5.63,10000,38,binary tree
1024,5.09,0.86,6.92,10000,38,binary tree
2048,6.06,1.04,8.67,10000,38,binary tree
4096,8.96,1.49,12.9,10000,38,binary tree
8192,13.74,2.03,20.06,10000,38,binary tree
16384,29.9,5.62,39.31,10000,38,binary tree
32768,50.59,9.14,66.75,10000,38,binary tree
65536,91.61,15.84,121.02,10000,38,binary tree
131072,172.69,29.59,240.07,10000,38,binary tree
262144,336.76,55.51,449.04,10000,38,binary tree
524288,660.16,107.82,876.67,10000,38,binary tree
1048576,1220.35,215.02,1567.26,10000,38,binary tree
1,3.39,0.09,5.91,10000,44,basic linear
2,3.57,0.09,6.12,10000,44,basic linear
4,3.66,0.34,6.22,10000,44,basic linear
8,3.58,0.25,6.14,10000,44,basic linear
16,3.44,0.09,6.0,10000,44,basic linear
32,4.43,0.12,8.16,10000,44,basic linear
64,4.42,0.12,8.48,10000,44,basic linear
128,8.96,0.38,16.98,10000,44,basic linear
256,9.33,0.45,17.97,10000,44,basic linear
512,9.86,0.45,19.26,10000,44,basic linear
1024,13.87,0.86,27.29,10000,44,basic linear
2048,17.81,1.19,35.16,10000,44,basic linear
4096,26.09,1.75,52.26,10000,44,basic linear
8192,39.32,2.49,78.97,10000,44,basic linear
16384,31.99,6.87,51.2,10000,44,basic linear
32768,61.69,11.68,93.66,10000,44,basic linear
65536,136.75,38.83,185.61,10000,44,basic linear
131072,286.37,81.37,361.34,10000,44,basic linear
262144,586.51,164.19,716.11,10000,44,basic linear
524288,1201.31,334.77,1433.66,10000,44,basic linear
1048576,2338.09,675.14,2786.0,10000,44,basic linear
1,0.94,0.19,2.48,10000,30,default
2,0.92,0.16,2.32,10000,30,default
4,0.89,0.16,2.26,10000,30,default
8,0.89,0.16,2.26,10000,30,default
16,0.89,0.16,2.26,10000,30,default
32,1.11,0.28,2.41,10000,30,default
64,1.09,0.25,2.4,10000,30,default
128,1.89,0.77,3.59,10000,30,default
256,2.16,0.94,4.04,10000,30,default
512,2.29,1.04,4.38,10000,30,default
1024,2.86,1.14,5.77,10000,30,default
2048,3.81,1.51,7.63,10000,30,default
4096,5.93,3.61,8.2,10000,30,default
8192,9.64,5.43,13.53,10000,30,default
16384,22.89,7.77,31.38,10000,30,default
32768,40.69,12.84,55.51,10000,30,default
65536,81.82,23.59,113.5,10000,30,default
131072,160.27,43.59,222.93,10000,30,default
262144,317.8,83.85,462.81,10000,30,default
524288,617.04,169.8,930.1,10000,30,default
1048576,771.57,709.92,846.27,10000,30,default
1,2.0,0.38,3.22,10000,46,default
2,1.95,0.35,3.14,10000,46,default
4,2.19,0.45,3.52,10000,46,default
8,2.02,0.34,3.26,10000,46,default
16,2.25,0.49,3.62,10000,46,default
32,2.28,0.47,3.72,10000,46,default
64,2.31,0.45,3.63,10000,46,default
128,2.98,1.07,4.47,10000,46,default
256,3.14,1.15,4.57,10000,46,default
512,3.45,1.31,5.04,10000,46,default
1024,4.54,2.02,6.29,10000,46,default
2048,5.5,2.07,9.42,10000,46,default
4096,7.99,3.68,13.18,10000,46,default
8192,12.25,6.45,20.14,10000,46,default
16384,21.68,13.1,27.37,10000,46,default
32768,37.9,22.19,48.02,10000,46,default
65536,78.85,44.12,100.79,10000,46,default
131072,157.71,82.35,214.62,10000,46,default
262144,318.33,161.26,450.19,10000,46,default
524288,638.1,320.98,910.13,10000,46,default
1048576,1216.39,604.48,1723.1,10000,46,default
1,3.3,0.16,5.36,10000,38,basic linear
2,3.26,0.15,5.28,10000,38,basic linear
4,3.45,0.28,5.59,10000,38,basic linear
8,3.29,0.15,5.45,10000,38,basic linear
16,3.31,0.16,5.42,10000,38,basic linear
32,4.4,0.3,7.89,10000,38,basic linear
64,4.23,0.26,7.98,10000,38,basic linear
128,8.05,0.62,16.36,10000,38,basic linear
256,8.38,0.71,17.57,10000,38,basic linear
512,8.76,0.7,18.73,10000,38,basic linear
1024,12.2,0.93,26.81,10000,38,basic linear
2048,15.25,1.14,33.34,10000,38,basic linear
4096,21.93,1.64,48.75,10000,38,basic linear
8192,32.48,2.31,73.08,10000,38,basic linear
16384,26.87,6.38,40.66,10000,38,basic linear
32768,56.86,12.46,82.1,10000,38,basic linear
65536,139.48,24.59,174.96,10000,38,basic linear
131072,306.66,35.25,352.1,10000,38,basic linear
262144,637.21,56.27,702.76,10000,38,basic linear
524288,1326.99,99.39,1433.59,10000,38,basic linear
1048576,2585.3,185.27,2794.67,10000,38,basic linear
1,2.5,0.4,3.35,10000,40,binary tree
2,2.66,0.45,3.77,10000,40,binary tree
4,2.73,0.44,3.72,10000,40,binary tree
8,2.66,0.44,3.54,10000,40,binary tree
16,2.49,0.38,3.36,10000,40,binary tree
32,2.94,0.55,3.96,10000,40,binary tree
64,2.9,0.47,4.07,10000,40,binary tree
128,3.65,0.73,5.04,10000,40,binary tree
256,3.8,0.77,5.16,10000,40,binary tree
512,4.07,0.77,5.62,10000,40,binary tree
1024,5.14,0.87,7.03,10000,40,binary tree
2048,6.1,1.02,8.96,10000,40,binary tree
4096,9.12,1.51,13.65,10000,40,binary tree
8192,14.26,2.07,21.67,10000,40,binary tree
16384,30.34,5.65,39.68,10000,40,binary tree
32768,50.51,8.99,66.17,10000,40,binary tree
65536,92.84,15.86,123.24,10000,40,binary tree
131072,177.08,29.24,231.82,10000,40,binary tree
262144,338.46,55.02,442.95,10000,40,binary tree
524288,654.33,106.04,877.36,10000,40,binary tree
1048576,1264.11,222.07,1724.44,10000,40,binary tree
1,0.19,0.11,0.26,10000,2,default
2,0.19,0.11,0.27,10000,2,default
4,0.19,0.11,0.27,10000,2,default
8,0.19,0.11,0.27,10000,2,default
16,0.18,0.11,0.26,10000,2,default
32,0.21,0.1,0.33,10000,2,default
64,0.21,0.1,0.33,10000,2,default
128,0.28,0.13,0.42,10000,2,default
256,0.31,0.17,0.44,10000,2,default
512,0.32,0.15,0.5,10000,2,default
1024,0.36,0.16,0.55,10000,2,default
2048,0.47,0.18,0.76,10000,2,default
4096,0.73,0.33,1.14,10000,2,default
8192,1.18,0.57,1.79,10000,2,default
16384,2.74,2.68,2.79,10000,2,default
32768,4.74,4.66,4.82,10000,2,default
65536,5.97,5.88,6.06,10000,2,default
131072,8.69,8.6,8.78,10000,2,default
262144,13.91,13.75,14.07,10000,2,default
524288,25.57,25.54,25.6,10000,2,default
1048576,54.86,54.85,54.87,10000,2,default
1,1.39,0.41,3.18,10000,22,chain
2,1.35,0.41,3.15,10000,22,chain
4,1.32,0.38,3.11,10000,22,chain
8,1.33,0.41,3.13,10000,22,chain
16,1.31,0.38,3.1,10000,22,chain
32,1.55,0.42,3.37,10000,22,chain
64,1.52,0.41,3.35,10000,22,chain
128,2.05,0.55,3.81,10000,22,chain
256,2.17,0.56,4.01,10000,22,chain
512,2.69,0.85,4.89,10000,22,chain
1024,2.84,0.9,4.95,10000,22,chain
2048,3.59,1.27,6.5,10000,22,chain
4096,5.58,2.06,9.68,10000,22,chain
8192,8.52,2.91,14.8,10000,22,chain
16384,21.16,9.84,30.54,10000,22,chain
32768,32.8,16.52,47.59,10000,22,chain
65536,60.11,32.77,89.36,10000,22,chain
131072,110.81,64.35,163.46,10000,22,chain
262144,207.17,122.68,298.52,10000,22,chain
524288,402.12,243.88,567.49,10000,22,chain
1048576,794.06,443.59,1092.67,10000,22,chain
1,1.24,0.39,2.37,10000,20,chain
2,1.23,0.4,2.34,10000,20,chain
4,1.2,0.39,2.31,10000,20,chain
8,1.19,0.38,2.31,10000,20,chain
16,1.2,0.38,2.31,10000,20,chain
32,1.38,0.42,2.46,10000,20,chain
64,1.35,0.41,2.42,10000,20,chain
128,1.88,0.64,3.0,10000,20,chain
256,1.95,0.66,3.12,10000,20,chain
512,2.07,0.72,3.37,10000,20,chain
1024,3.2,1.1,5.06,10000,20,chain
2048,3.43,1.32,5.49,10000,20,chain
4096,5.17,1.96,8.11,10000,20,chain
8192,7.98,2.84,12.79,10000,20,chain
16384,19.72,8.03,27.08,10000,20,chain
32768,30.76,13.42,40.51,10000,20,chain
65536,54.72,26.33,72.17,10000,20,chain
131072,99.95,48.82,133.47,10000,20,chain
262144,195.7,91.82,289.35,10000,20,chain
524288,377.63,176.72,554.64,10000,20,chain
1048576,758.99,363.56,998.74,10000,20,chain
1,2.47,0.37,3.47,10000,42,binary tree
2,2.44,0.37,3.42,10000,42,binary tree
4,2.77,0.39,3.94,10000,42,binary tree
8,2.63,0.45,3.71,10000,42,binary tree
16,2.61,0.47,3.58,10000,42,binary tree
32,2.83,0.49,3.99,10000,42,binary tree
64,2.88,0.48,3.97,10000,42,binary tree
128,3.64,0.75,5.17,10000,42,binary tree
256,3.8,0.8,5.38,10000,42,binary tree
512,3.99,0.76,5.67,10000,42,binary tree
1024,4.99,0.86,6.94,10000,42,binary tree
2048,6.08,1.04,8.96,10000,42,binary tree
4096,9.12,1.51,13.72,10000,42,binary tree
8192,14.21,2.05,21.88,10000,42,binary tree
16384,30.6,5.64,39.22,10000,42,binary tree
32768,51.82,9.15,66.89,10000,42,binary tree
65536,94.28,16.04,123.16,10000,42,binary tree
131072,181.46,29.42,233.59,10000,42,binary tree
262144,343.19,55.4,441.95,10000,42,binary tree
524288,678.94,106.35,888.65,10000,42,binary tree
1048576,1271.95,223.56,1588.96,10000,42,binary tree
1,3.42,0.21,5.81,10000,42,basic linear
2,3.5,0.22,5.97,10000,42,basic linear
4,3.43,0.22,5.85,10000,42,basic linear
8,3.31,0.08,5.75,10000,42,basic linear
16,3.32,0.08,5.77,10000,42,basic linear
32,4.36,0.12,8.03,10000,42,basic linear
64,4.29,0.11,8.34,10000,42,basic linear
128,8.57,0.38,16.7,10000,42,basic linear
256,8.91,0.4,17.75,10000,42,basic linear
512,9.38,0.45,18.96,10000,42,basic linear
1024,13.22,0.82,26.99,10000,42,basic linear
2048,16.75,1.12,34.23,10000,42,basic linear
4096,24.75,1.66,51.15,10000,42,basic linear
8192,37.33,2.41,77.4,10000,42,basic linear
16384,29.73,6.65,47.35,10000,42,basic linear
32768,64.12,12.28,94.12,10000,42,basic linear
65536,140.48,33.94,185.86,10000,42,basic linear
131072,292.02,65.75,358.62,10000,42,basic linear
262144,598.04,125.0,708.38,10000,42,basic linear
524288,1235.95,252.71,1436.68,10000,42,basic linear
1048576,2391.42,507.78,2783.31,10000,42,basic linear
1,1.35,0.52,1.72,10000,16,binary tree
2,1.25,0.48,1.58,10000,16,binary tree
4,1.05,0.36,1.32,10000,16,binary tree
8,0.95,0.3,1.21,10000,16,binary tree
16,0.89,0.26,1.15,10000,16,binary tree
32,1.07,0.29,1.43,10000,16,binary tree
64,1.05,0.28,1.37,10000,16,binary tree
128,1.51,0.48,2.12,10000,16,binary tree
256,1.59,0.49,2.22,10000,16,binary tree
512,1.8,0.52,2.45,10000,16,binary tree
1024,2.31,0.59,3.27,10000,16,binary tree
2048,2.81,0.69,4.04,10000,16,binary tree
4096,4.25,1.02,6.09,10000,16,binary tree
8192,7.31,1.62,10.29,10000,16,binary tree
16384,16.72,5.64,22.29,10000,16,binary tree
32768,26.29,8.92,34.32,10000,16,binary tree
65536,45.56,15.23,59.09,10000,16,binary tree
131072,83.41,27.8,107.44,10000,16,binary tree
262144,152.24,53.36,188.28,10000,16,binary tree
524288,290.3,101.16,354.31,10000,16,binary tree
1048576,614.52,220.24,775.39,10000,16,binary tree
1,0.87,0.39,1.34,10000,12,chain
2,0.85,0.39,1.32,10000,12,chain
4,0.84,0.38,1.3,10000,12,chain
8,0.84,0.39,1.3,10000,12,chain
16,0.84,0.38,1.3,10000,12,chain
32,0.97,0.42,1.41,10000,12,chain
64,0.95,0.4,1.39,10000,12,chain
128,1.32,0.68,1.84,10000,12,chain
256,1.39,0.74,1.93,10000,12,chain
512,1.48,0.79,2.08,10000,12,chain
1024,1.95,1.03,2.69,10000,12,chain
2048,2.36,1.18,3.32,10000,12,chain
4096,3.55,1.72,4.91,10000,12,chain
8192,6.1,3.15,8.52,10000,12,chain
16384,12.79,7.47,15.99,10000,12,chain
32768,20.62,12.7,25.34,10000,12,chain
65536,35.74,22.64,42.98,10000,12,chain
131072,65.22,41.46,76.8,10000,12,chain
262144,124.28,80.13,144.95,10000,12,chain
524288,245.12,157.37,284.54,10000,12,chain
1048576,503.17,319.6,582.72,10000,12,chain
1,0.18,0.18,0.19,10000,4,chain
2,0.19,0.18,0.2,10000,4,chain
4,0.18,0.18,0.19,10000,4,chain
8,0.19,0.18,0.2,10000,4,chain
16,0.19,0.18,0.19,10000,4,chain
32,0.24,0.22,0.27,10000,4,chain
64,0.24,0.22,0.25,10000,4,chain
128,0.38,0.29,0.45,10000,4,chain
256,0.41,0.32,0.49,10000,4,chain
512,0.47,0.37,0.58,10000,4,chain
1024,0.66,0.51,0.86,10000,4,chain
2048,0.93,0.69,1.26,10000,4,chain
4096,1.51,1.07,2.05,10000,4,chain
8192,2.43,1.64,3.36,10000,4,chain
16384,5.02,3.91,5.57,10000,4,chain
32768,8.0,6.51,8.7,10000,4,chain
65536,13.45,11.05,14.57,10000,4,chain
131072,24.3,19.86,26.11,10000,4,chain
262144,48.69,42.21,51.23,10000,4,chain
524288,97.65,90.16,101.3,10000,4,chain
1048576,187.56,164.99,197.09,10000,4,chain
1,0.67,0.41,1.28,10000,14,default
2,0.76,0.45,1.32,10000,14,default
4,0.67,0.43,1.25,10000,14,default
8,0.8,0.26,1.31,10000,14,default
16,0.81,0.26,1.31,10000,14,default
32,0.99,0.28,1.5,10000,14,default
64,0.77,0.49,1.36,10000,14,default
128,1.24,0.84,1.82,10000,14,default
256,1.29,0.86,1.86,10000,14,default
512,1.35,0.91,1.92,10000,14,default
1024,1.85,1.26,2.52,10000,14,default
2048,2.36,1.64,3.11,10000,14,default
4096,3.84,1.03,5.08,10000,14,default
8192,6.26,1.61,8.6,10000,14,default
16384,13.09,6.86,17.58,10000,14,default
32768,23.12,8.22,28.73,10000,14,default
65536,46.82,30.05,53.24,10000,14,default
131072,92.29,75.22,99.39,10000,14,default
262144,185.77,166.67,194.19,10000,14,default
524288,377.69,350.13,388.7,10000,14,default
1048576,672.98,485.2,731.23,10000,14,default
1,2.94,0.44,3.73,10000,34,binary tree
2,2.76,0.45,3.36,10000,34,binary tree
4,2.7,0.44,3.25,10000,34,binary tree
8,3.1,0.45,3.85,10000,34,binary tree
16,2.87,0.45,3.49,10000,34,binary tree
32,3.58,0.48,4.35,10000,34,binary tree
64,3.28,0.48,4.07,10000,34,binary tree
128,4.38,0.74,5.9,10000,34,binary tree
256,4.51,0.74,6.1,10000,34,binary tree
512,4.87,0.76,6.69,10000,34,binary tree
1024,5.83,0.84,8.08,10000,34,binary tree
2048,6.82,1.02,9.76,10000,34,binary tree
4096,9.59,1.48,13.41,10000,34,binary tree
8192,14.34,2.0,20.25,10000,34,binary tree
16384,28.67,5.72,38.24,10000,34,binary tree
32768,49.23,9.33,66.57,10000,34,binary tree
65536,87.78,16.16,114.82,10000,34,binary tree
131072,166.52,30.12,226.98,10000,34,binary tree
262144,318.26,56.84,453.82,10000,34,binary tree
524288,623.25,111.1,824.91,10000,34,binary tree
1048576,1198.51,224.77,1590.66,10000,34,binary tree
1,0.81,0.2,1.18,10000,12,basic linear
2,0.93,0.28,1.32,10000,12,basic linear
4,0.81,0.2,1.19,10000,12,basic linear
8,0.82,0.21,1.2,10000,12,basic linear
16,0.83,0.23,1.21,10000,12,basic linear
32,1.05,0.25,1.52,10000,12,basic linear
64,0.98,0.24,1.41,10000,12,basic linear
128,1.66,0.45,2.59,10000,12,basic linear
256,1.72,0.46,2.67,10000,12,basic linear
512,1.69,0.47,2.61,10000,12,basic linear
1024,2.47,0.68,3.9,10000,12,basic linear
2048,3.01,0.84,4.82,10000,12,basic linear
4096,4.67,1.48,7.49,10000,12,basic linear
8192,7.21,2.11,11.61,10000,12,basic linear
16384,10.39,3.97,13.87,10000,12,basic linear
32768,19.87,6.32,24.6,10000,12,basic linear
65536,40.17,21.2,46.03,10000,12,basic linear
131072,78.78,61.69,85.8,10000,12,basic linear
262144,156.11,139.54,163.99,10000,12,basic linear
524288,323.34,299.08,333.18,10000,12,basic linear
1048576,594.96,459.76,638.24,10000,12,basic linear
1,0.29,0.16,0.37,10000,4,default
2,0.29,0.16,0.37,10000,4,default
4,0.29,0.16,0.37,10000,4,default
8,0.29,0.16,0.37,10000,4,default
16,0.29,0.16,0.37,10000,4,default
32,0.34,0.17,0.47,10000,4,default
64,0.33,0.17,0.45,10000,4,default
128,0.46,0.25,0.64,10000,4,default
256,0.51,0.28,0.7,10000,4,default
512,0.57,0.29,0.82,10000,4,default
1024,0.77,0.38,1.09,10000,4,default
2048,1.01,0.49,1.45,10000,4,default
4096,1.6,0.81,2.29,10000,4,default
8192,2.44,1.63,3.37,10000,4,default
16384,5.04,3.98,5.61,10000,4,default
32768,8.12,6.65,8.83,10000,4,default
65536,13.98,11.57,15.22,10000,4,default
131072,25.13,20.79,26.86,10000,4,default
262144,48.57,41.3,51.33,10000,4,default
524288,98.56,91.32,101.87,10000,4,default
1048576,241.79,99.89,322.13,10000,4,default
1,1.42,0.27,2.17,10000,20,binary tree
2,1.42,0.27,2.15,10000,20,binary tree
4,1.43,0.3,2.16,10000,20,binary tree
8,1.42,0.26,2.14,10000,20,binary tree
16,1.42,0.27,2.15,10000,20,binary tree
32,1.6,0.37,2.35,10000,20,binary tree
64,1.59,0.37,2.31,10000,20,binary tree
128,1.99,0.6,2.8,10000,20,binary tree
256,2.06,0.61,2.88,10000,20,binary tree
512,2.19,0.63,3.24,10000,20,binary tree
1024,3.2,0.74,4.62,10000,20,binary tree
2048,3.48,1.01,5.37,10000,20,binary tree
4096,5.11,1.3,7.97,10000,20,binary tree
8192,8.07,1.92,12.81,10000,20,binary tree
16384,19.15,5.52,26.19,10000,20,binary tree
32768,30.1,8.48,41.81,10000,20,binary tree
65536,56.04,16.1,78.33,10000,20,binary tree
131072,104.48,30.41,146.28,10000,20,binary tree
262144,195.45,52.88,299.76,10000,20,binary tree
524288,379.28,105.65,560.03,10000,20,binary tree
1048576,754.69,223.25,1070.76,10000,20,binary tree
1,1.36,0.07,2.28,10000,22,basic linear
2,1.36,0.08,2.24,10000,22,basic linear
4,1.38,0.09,2.26,10000,22,basic linear
8,1.35,0.07,2.25,10000,22,basic linear
16,1.37,0.07,2.28,10000,22,basic linear
32,1.73,0.07,2.96,10000,22,basic linear
64,1.65,0.07,2.79,10000,22,basic linear
128,3.35,0.14,6.48,10000,22,basic linear
256,3.56,0.16,6.97,10000,22,basic linear
512,3.52,0.19,7.06,10000,22,basic linear
1024,5.0,0.3,10.45,10000,22,basic linear
2048,6.07,0.51,12.66,10000,22,basic linear
4096,8.94,1.14,18.75,10000,22,basic linear
8192,13.27,2.05,27.84,10000,22,basic linear
16384,20.61,6.0,31.61,10000,22,basic linear
32768,41.61,11.67,56.0,10000,22,basic linear
65536,87.37,47.71,105.82,10000,22,basic linear
131072,178.01,125.81,206.84,10000,22,basic linear
262144,355.41,287.58,389.37,10000,22,basic linear
524288,711.47,633.52,757.43,10000,22,basic linear
1048576,1229.92,857.77,1366.17,10000,22,basic linear
1,0.84,0.37,1.31,10000,16,chain
2,0.9,0.43,1.37,10000,16,chain
4,0.82,0.38,1.27,10000,16,chain
8,0.79,0.38,1.21,10000,16,chain
16,0.79,0.38,1.21,10000,16,chain
32,0.91,0.42,1.41,10000,16,chain
64,0.9,0.42,1.41,10000,16,chain
128,1.44,0.53,2.31,10000,16,chain
256,1.5,0.56,2.4,10000,16,chain
512,1.63,0.63,2.61,10000,16,chain
1024,2.15,0.84,3.41,10000,16,chain
2048,2.65,1.03,4.24,10000,16,chain
4096,4.06,1.63,6.36,10000,16,chain
8192,6.99,3.13,10.82,10000,16,chain
16384,16.29,8.01,21.8,10000,16,chain
32768,25.64,13.27,33.63,10000,16,chain
65536,44.09,23.31,56.3,10000,16,chain
131072,81.19,43.48,103.29,10000,16,chain
262144,149.29,87.14,182.0,10000,16,chain
524288,293.9,171.13,356.59,10000,16,chain
1048576,620.71,354.75,761.73,10000,16,chain
1,0.87,0.15,2.22,10000,26,default
2,0.87,0.15,2.19,10000,26,default
4,0.89,0.15,2.22,10000,26,default
8,0.87,0.14,2.19,10000,26,default
16,0.88,0.14,2.2,10000,26,default
32,1.05,0.23,2.34,10000,26,default
64,1.03,0.21,2.32,10000,26,default
128,1.75,0.78,2.89,10000,26,default
256,1.82,0.83,3.05,10000,26,default
512,2.17,1.07,3.62,10000,26,default
1024,2.78,1.41,5.03,10000,26,default
2048,3.53,1.57,6.51,10000,26,default
4096,5.33,3.6,7.61,10000,26,default
8192,8.53,5.39,12.27,10000,26,default
16384,21.02,7.73,31.79,10000,26,default
32768,36.62,12.67,54.99,10000,26,default
65536,73.74,23.84,113.7,10000,26,default
131072,144.46,44.36,226.7,10000,26,default
262144,291.13,85.81,461.02,10000,26,default
524288,580.68,172.65,928.43,10000,26,default
1048576,783.56,695.63,855.68,10000,26,default
1,0.25,0.14,0.35,10000,2,chain
2,0.24,0.14,0.34,10000,2,chain
4,0.24,0.15,0.34,10000,2,chain
8,0.24,0.14,0.34,10000,2,chain
16,0.24,0.15,0.34,10000,2,chain
32,0.28,0.14,0.42,10000,2,chain
64,0.27,0.14,0.41,10000,2,chain
128,0.32,0.17,0.47,10000,2,chain
256,0.32,0.16,0.48,10000,2,chain
512,0.34,0.17,0.52,10000,2,chain
1024,0.39,0.18,0.59,10000,2,chain
2048,0.5,0.21,0.78,10000,2,chain
4096,0.75,0.35,1.15,10000,2,chain
8192,1.2,0.6,1.8,10000,2,chain
16384,2.79,2.73,2.85,10000,2,chain
32768,4.77,4.67,4.87,10000,2,chain
65536,5.98,5.87,6.09,10000,2,chain
131072,8.64,8.53,8.75,10000,2,chain
262144,13.55,13.45,13.66,10000,2,chain
524288,26.2,26.07,26.33,10000,2,chain
1048576,55.38,55.37,55.39,10000,2,chain
1,3.47,0.25,7.81,10000,48,chain
2,3.18,0.23,6.75,10000,48,chain
4,3.08,0.22,6.48,10000,48,chain
8,2.87,0.22,6.34,10000,48,chain
16,2.95,0.23,6.55,10000,48,chain
32,3.39,0.23,7.5,10000,48,chain
64,3.52,0.23,8.05,10000,48,chain
128,4.31,0.33,8.83,10000,48,chain
256,4.5,0.37,9.42,10000,48,chain
512,4.87,0.39,10.07,10000,48,chain
1024,5.93,0.5,11.92,10000,48,chain
2048,7.54,0.67,15.21,10000,48,chain
4096,11.55,1.65,22.07,10000,48,chain
8192,18.36,3.16,34.54,10000,48,chain
16384,41.31,10.54,70.35,10000,48,chain
32768,61.26,17.94,104.8,10000,48,chain
65536,100.1,23.32,174.34,10000,48,chain
131072,174.7,35.71,309.8,10000,48,chain
262144,326.8,61.65,594.11,10000,48,chain
524288,632.86,115.19,1131.66,10000,48,chain
1048576,1253.11,229.12,2269.32,10000,48,chain
1,4.16,0.88,6.06,10000,34,basic linear
2,3.42,0.53,4.91,10000,34,basic linear
4,3.49,0.76,5.06,10000,34,basic linear
8,3.36,0.52,4.84,10000,34,basic linear
16,3.45,0.5,4.96,10000,34,basic linear
32,4.11,0.56,6.41,10000,34,basic linear
64,3.96,0.55,6.05,10000,34,basic linear
128,6.79,0.65,14.11,10000,34,basic linear
256,6.99,0.67,14.68,10000,34,basic linear
512,7.37,0.75,15.97,10000,34,basic linear
1024,10.27,0.94,23.27,10000,34,basic linear
2048,12.4,1.16,27.95,10000,34,basic linear
4096,18.36,1.67,41.12,10000,34,basic linear
8192,26.94,2.22,61.79,10000,34,basic linear
16384,31.13,6.86,45.5,10000,34,basic linear
32768,66.04,14.01,88.89,10000,34,basic linear
65536,149.67,67.31,176.53,10000,34,basic linear
131072,312.16,222.48,341.37,10000,34,basic linear
262144,490.32,296.6,569.82,10000,34,basic linear
524288,1071.07,488.88,1175.92,10000,34,basic linear
1048576,2349.75,1780.22,2463.87,10000,34,basic linear
1,1.2,0.51,1.62,10000,18,default
2,1.25,0.51,1.69,10000,18,default
4,1.18,0.46,1.59,10000,18,default
8,1.15,0.45,1.55,10000,18,default
16,1.15,0.45,1.55,10000,18,default
32,1.23,0.51,1.66,10000,18,default
64,1.22,0.51,1.64,10000,18,default
128,1.81,0.61,2.51,10000,18,default
256,1.89,0.65,2.61,10000,18,default
512,1.98,0.71,2.74,10000,18,default
1024,2.57,0.93,3.56,10000,18,default
2048,3.15,1.1,4.36,10000,18,default
4096,4.53,3.0,6.33,10000,18,default
8192,6.93,4.8,9.56,10000,18,default
16384,14.83,7.85,22.15,10000,18,default
32768,25.23,13.09,37.02,10000,18,default
65536,48.1,23.86,71.99,10000,18,default
131072,92.36,45.1,139.07,10000,18,default
262144,180.55,86.3,267.52,10000,18,default
524288,357.17,172.74,532.99,10000,18,default
1048576,657.4,606.12,668.55,10000,18,default
1,3.3,0.67,4.79,10000,34,chain
2,3.22,0.67,4.64,10000,34,chain
4,3.75,0.65,5.42,10000,34,chain
8,3.51,0.67,5.26,10000,34,chain
16,3.44,0.67,4.85,10000,34,chain
32,3.58,0.72,5.32,10000,34,chain
64,3.58,0.71,5.34,10000,34,chain
128,4.47,0.82,6.71,10000,34,chain
256,4.59,0.84,6.87,10000,34,chain
512,4.9,0.9,7.47,10000,34,chain
1024,5.82,1.1,9.03,10000,34,chain
2048,6.84,1.33,11.1,10000,34,chain
4096,9.85,2.25,16.26,10000,34,chain
8192,14.55,3.29,24.67,10000,34,chain
16384,33.33,12.3,49.41,10000,34,chain
32768,50.12,19.88,73.99,10000,34,chain
65536,85.68,37.24,122.99,10000,34,chain
131072,161.5,76.66,227.01,10000,34,chain
262144,305.58,153.57,435.25,10000,34,chain
524288,579.99,293.11,837.18,10000,34,chain
1048576,1103.68,526.64,1627.73,10000,34,chain
1,0.95,0.13,2.08,10000,22,default
2,0.9,0.13,2.04,10000,22,default
4,0.86,0.12,2.01,10000,22,default
8,0.85,0.11,1.99,10000,22,default
16,0.85,0.11,2.0,10000,22,default
32,1.0,0.16,2.09,10000,22,default
64,0.99,0.15,2.1,10000,22,default
128,1.7,0.75,2.66,10000,22,default
256,1.78,0.79,2.72,10000,22,default
512,1.9,0.89,2.92,10000,22,default
1024,2.67,1.33,4.14,10000,22,default
2048,3.4,1.68,5.61,10000,22,default
4096,4.69,3.31,6.53,10000,22,default
8192,7.21,5.03,10.26,10000,22,default
16384,18.27,7.51,26.26,10000,22,default
32768,31.41,12.55,43.58,10000,22,default
65536,63.91,24.24,87.62,10000,22,default
131072,127.4,46.72,178.86,10000,22,default
262144,245.48,88.32,347.53,10000,22,default
524288,468.84,170.53,654.91,10000,22,default
1048576,679.44,533.19,815.62,10000,22,default
1,2.19,0.59,4.36,10000,28,chain
2,1.64,0.4,3.69,10000,28,chain
4,1.53,0.38,3.54,10000,28,chain
8,1.54,0.38,3.53,10000,28,chain
16,1.55,0.39,3.56,10000,28,chain
32,1.88,0.4,3.89,10000,28,chain
64,1.86,0.4,3.88,10000,28,chain
128,2.97,0.61,5.7,10000,28,chain
256,2.54,0.54,4.65,10000,28,chain
512,2.73,0.57,4.95,10000,28,chain
1024,3.43,0.79,5.87,10000,28,chain
2048,4.41,1.04,7.72,10000,28,chain
4096,6.73,1.87,11.57,10000,28,chain
8192,10.42,2.99,17.91,10000,28,chain
16384,27.54,12.02,41.0,10000,28,chain
32768,43.24,19.66,64.13,10000,28,chain
65536,74.98,35.18,112.29,10000,28,chain
131072,141.01,66.08,217.61,10000,28,chain
262144,278.11,132.44,435.73,10000,28,chain
524288,530.53,255.17,806.2,10000,28,chain
1048576,1047.44,500.77,1575.77,10000,28,chain
1,1.59,0.08,3.24,10000,26,basic linear
2,1.55,0.08,3.11,10000,26,basic linear
4,1.53,0.08,3.06,10000,26,basic linear
8,1.53,0.08,3.05,10000,26,basic linear
16,1.55,0.08,3.09,10000,26,basic linear
32,2.02,0.08,4.08,10000,26,basic linear
64,1.93,0.08,3.92,10000,26,basic linear
128,4.57,0.24,9.67,10000,26,basic linear
256,4.49,0.16,9.63,10000,26,basic linear
512,4.62,0.19,10.31,10000,26,basic linear
1024,6.36,0.26,14.7,10000,26,basic linear
2048,7.75,0.45,17.7,10000,26,basic linear
4096,11.28,0.98,25.76,10000,26,basic linear
8192,16.91,2.08,38.37,10000,26,basic linear
16384,24.07,7.46,36.89,10000,26,basic linear
32768,52.33,18.11,68.67,10000,26,basic linear
65536,112.36,72.94,131.81,10000,26,basic linear
131072,227.77,186.36,251.22,10000,26,basic linear
262144,461.72,414.21,497.85,10000,26,basic linear
524288,840.12,685.41,925.65,10000,26,basic linear
1048576,1724.52,1435.34,1842.74,10000,26,basic linear
1,0.83,0.13,1.27,10000,20,default
2,0.9,0.2,1.36,10000,20,default
4,0.84,0.15,1.25,10000,20,default
8,0.83,0.14,1.23,10000,20,default
16,0.82,0.13,1.23,10000,20,default
32,0.97,0.23,1.4,10000,20,default
64,0.94,0.23,1.37,10000,20,default
128,1.59,0.75,2.2,10000,20,default
256,1.66,0.84,2.28,10000,20,default
512,1.79,0.88,2.41,10000,20,default
1024,2.32,1.36,3.15,10000,20,default
2048,3.25,2.19,4.52,10000,20,default
4096,4.59,3.2,6.47,10000,20,default
8192,7.02,4.85,10.36,10000,20,default
16384,17.55,8.13,27.06,10000,20,default
32768,29.87,13.13,44.34,10000,20,default
65536,59.45,24.85,88.42,10000,20,default
131072,116.16,45.47,179.02,10000,20,default
262144,229.32,90.28,355.15,10000,20,default
524288,454.5,182.18,692.79,10000,20,default
1048576,706.48,588.48,796.56,10000,20,default
1,1.74,0.1,2.9,10000,24,basic linear
2,1.74,0.1,2.89,10000,24,basic linear
4,1.72,0.09,2.86,10000,24,basic linear
8,1.71,0.09,2.85,10000,24,basic linear
16,1.71,0.09,2.87,10000,24,basic linear
32,2.15,0.12,3.7,10000,24,basic linear
64,2.06,0.11,3.51,10000,24,basic linear
128,4.24,0.35,8.29,10000,24,basic linear
256,4.38,0.42,8.51,10000,24,basic linear
512,4.38,0.33,8.92,10000,24,basic linear
1024,5.95,0.56,12.68,10000,24,basic linear
2048,7.14,0.82,15.27,10000,24,basic linear
4096,10.25,1.36,22.31,10000,24,basic linear
8192,15.21,2.1,33.12,10000,24,basic linear
16384,22.07,7.05,33.99,10000,24,basic linear
32768,46.88,16.04,62.4,10000,24,basic linear
65536,99.44,62.76,118.29,10000,24,basic linear
131072,202.72,163.39,229.99,10000,24,basic linear
262144,406.01,347.61,450.95,10000,24,basic linear
524288,816.08,741.55,879.3,10000,24,basic linear
1048576,1568.82,1261.51,1663.89,10000,24,basic linear
1,0.31,0.23,0.48,10000,6,chain
2,0.31,0.23,0.48,10000,6,chain
4,0.32,0.24,0.48,10000,6,chain
8,0.31,0.23,0.48,10000,6,chain
16,0.32,0.24,0.49,10000,6,chain
32,0.4,0.3,0.61,10000,6,chain
64,0.4,0.29,0.63,10000,6,chain
128,0.59,0.45,0.78,10000,6,chain
256,0.63,0.49,0.82,10000,6,chain
512,0.71,0.57,0.96,10000,6,chain
1024,1.1,0.89,1.33,10000,6,chain
2048,1.35,1.08,1.7,10000,6,chain
4096,2.14,1.57,2.83,10000,6,chain
8192,3.54,2.6,4.72,10000,6,chain
16384,7.1,5.12,9.11,10000,6,chain
32768,11.79,9.11,14.49,10000,6,chain
65536,20.85,17.5,25.7,10000,6,chain
131072,39.09,33.21,48.28,10000,6,chain
262144,77.07,65.49,95.88,10000,6,chain
524288,152.88,130.8,189.24,10000,6,chain
1048576,312.02,263.75,390.96,10000,6,chain
1,1.99,0.43,3.31,10000,48,default
2,1.93,0.37,3.22,10000,48,default
4,2.23,0.49,3.65,10000,48,default
8,2.01,0.37,3.45,10000,48,default
16,2.22,0.5,3.94,10000,48,default
32,2.24,0.47,3.75,10000,48,default
64,2.29,0.45,3.68,10000,48,default
128,3.02,1.1,4.56,10000,48,default
256,3.14,1.2,4.61,10000,48,default
512,3.45,1.29,5.06,10000,48,default
1024,4.59,2.07,6.38,10000,48,default
2048,5.54,2.13,9.3,10000,48,default
4096,8.21,3.93,13.15,10000,48,default
8192,12.41,6.55,20.03,10000,48,default
16384,22.15,13.16,29.86,10000,48,default
32768,39.84,22.76,52.99,10000,48,default
65536,80.83,43.66,105.4,10000,48,default
131072,161.51,81.82,218.87,10000,48,default
262144,318.97,159.95,445.59,10000,48,default
524288,640.3,322.32,904.84,10000,48,default
1048576,1232.04,599.89,1756.67,10000,48,default
1,0.56,0.28,0.9,10000,8,chain
2,0.54,0.28,0.84,10000,8,chain
4,0.54,0.31,0.8,10000,8,chain
8,0.53,0.32,0.76,10000,8,chain
16,0.53,0.32,0.76,10000,8,chain
32,0.59,0.36,0.86,10000,8,chain
64,0.64,0.41,0.91,10000,8,chain
128,1.01,0.54,1.46,10000,8,chain
256,1.04,0.56,1.5,10000,8,chain
512,1.13,0.63,1.64,10000,8,chain
1024,1.53,0.83,2.26,10000,8,chain
2048,1.81,0.93,2.68,10000,8,chain
4096,2.81,1.49,4.03,10000,8,chain
8192,4.47,2.5,6.27,10000,8,chain
16384,9.48,6.57,11.58,10000,8,chain
32768,15.45,10.79,18.49,10000,8,chain
65536,27.45,18.42,31.68,10000,8,chain
131072,51.22,33.99,58.21,10000,8,chain
262144,99.23,66.19,111.02,10000,8,chain
524288,188.88,128.47,214.93,10000,8,chain
1048576,371.96,257.83,417.39,10000,8,chain
1,1.91,0.5,4.25,10000,32,chain
2,1.76,0.48,3.91,10000,32,chain
4,1.7,0.47,3.84,10000,32,chain
8,1.68,0.46,3.83,10000,32,chain
16,2.24,0.74,4.83,10000,32,chain
32,2.13,0.55,4.51,10000,32,chain
64,2.36,0.68,4.7,10000,32,chain
128,3.01,0.85,5.17,10000,32,chain
256,2.98,0.73,5.32,10000,32,chain
512,3.32,0.81,5.83,10000,32,chain
1024,4.24,0.98,7.09,10000,32,chain
2048,5.41,1.36,8.81,10000,32,chain
4096,8.11,2.07,13.35,10000,32,chain
8192,12.12,2.79,20.87,10000,32,chain
16384,29.41,11.2,47.52,10000,32,chain
32768,47.97,21.15,75.35,10000,32,chain
65536,81.96,39.57,128.09,10000,32,chain
131072,150.91,76.51,234.9,10000,32,chain
262144,298.47,158.66,462.42,10000,32,chain
524288,592.29,320.08,923.1,10000,32,chain
1048576,1116.75,565.52,1686.63,10000,32,chain
1,0.87,0.19,1.41,10000,24,default
2,0.89,0.2,1.45,10000,24,default
4,0.89,0.19,1.48,10000,24,default
8,0.93,0.24,1.53,10000,24,default
16,0.9,0.2,1.49,10000,24,default
32,1.11,0.34,1.72,10000,24,default
64,1.07,0.31,1.67,10000,24,default
128,1.75,0.82,2.46,10000,24,default
256,1.83,0.86,2.56,10000,24,default
512,2.09,1.13,3.15,10000,24,default
1024,2.62,1.25,3.86,10000,24,default
2048,3.38,1.65,5.28,10000,24,default
4096,5.2,3.4,7.56,10000,24,default
8192,8.08,5.18,11.95,10000,24,default
16384,20.2,7.24,31.99,10000,24,default
32768,34.75,13.02,54.23,10000,24,default
65536,71.09,25.0,112.16,10000,24,default
131072,140.42,46.65,225.86,10000,24,default
262144,273.45,86.69,450.7,10000,24,default
524288,524.73,172.91,880.59,10000,24,default
1048576,671.25,519.48,786.76,10000,24,default
1,2.28,0.12,4.48,10000,30,basic linear
2,1.97,0.08,4.18,10000,30,basic linear
4,1.9,0.07,4.11,10000,30,basic linear
8,1.88,0.07,4.07,10000,30,basic linear
16,1.94,0.1,4.12,10000,30,basic linear
32,2.53,0.07,5.66,10000,30,basic linear
64,2.76,0.27,5.81,10000,30,basic linear
128,5.55,0.15,12.38,10000,30,basic linear
256,5.71,0.16,12.85,10000,30,basic linear
512,5.96,0.19,13.7,10000,30,basic linear
1024,8.27,0.29,19.5,10000,30,basic linear
2048,9.95,0.51,23.1,10000,30,basic linear
4096,14.25,1.07,33.31,10000,30,basic linear
8192,22.15,2.12,51.18,10000,30,basic linear
16384,26.06,6.33,39.68,10000,30,basic linear
32768,59.99,18.02,78.34,10000,30,basic linear
65536,132.68,82.67,154.98,10000,30,basic linear
131072,270.91,222.15,293.86,10000,30,basic linear
262144,551.76,492.84,581.35,10000,30,basic linear
524288,1134.71,1067.14,1173.33,10000,30,basic linear
1048576,2195.57,1967.78,2274.36,10000,30,basic linear
1,0.29,0.17,0.36,10000,4,binary tree
2,0.29,0.17,0.36,10000,4,binary tree
4,0.29,0.17,0.36,10000,4,binary tree
8,0.28,0.17,0.36,10000,4,binary tree
16,0.29,0.17,0.36,10000,4,binary tree
32,0.34,0.19,0.46,10000,4,binary tree
64,0.34,0.19,0.46,10000,4,binary tree
128,0.46,0.25,0.64,10000,4,binary tree
256,0.49,0.26,0.69,10000,4,binary tree
512,0.56,0.29,0.82,10000,4,binary tree
1024,0.77,0.37,1.13,10000,4,binary tree
2048,1.02,0.5,1.48,10000,4,binary tree
4096,1.58,0.81,2.29,10000,4,binary tree
8192,2.54,1.35,3.65,10000,4,binary tree
16384,6.41,3.83,8.69,10000,4,binary tree
32768,10.72,6.41,14.44,10000,4,binary tree
65536,15.84,8.84,21.44,10000,4,binary tree
131072,26.21,14.66,35.03,10000,4,binary tree
262144,46.97,26.2,62.36,10000,4,binary tree
524288,88.87,50.81,117.46,10000,4,binary tree
1048576,180.31,105.7,238.8,10000,4,binary tree
1,2.97,0.69,5.45,10000,42,chain
2,3.08,0.67,5.56,10000,42,chain
4,3.53,0.66,6.58,10000,42,chain
8,3.46,0.67,6.43,10000,42,chain
16,2.96,0.61,5.41,10000,42,chain
32,3.48,0.77,6.2,10000,42,chain
64,3.51,0.74,6.27,10000,42,chain
128,4.32,0.89,7.64,10000,42,chain
256,4.55,0.94,7.89,10000,42,chain
512,4.86,1.03,8.54,10000,42,chain
1024,5.85,1.19,10.27,10000,42,chain
2048,7.29,1.43,13.5,10000,42,chain
4096,10.61,2.17,19.76,10000,42,chain
8192,16.52,3.23,30.64,10000,42,chain
16384,39.43,12.86,61.53,10000,42,chain
32768,59.13,20.62,93.19,10000,42,chain
65536,99.77,37.98,156.35,10000,42,chain
131072,185.41,75.35,299.96,10000,42,chain
262144,359.09,158.43,556.41,10000,42,chain
524288,700.12,315.81,1072.36,10000,42,chain
1048576,1367.51,581.85,2120.55,10000,42,chain
1,3.38,0.11,6.12,10000,46,basic linear
2,3.58,0.24,6.33,10000,46,basic linear
4,3.51,0.11,6.28,10000,46,basic linear
8,3.52,0.11,6.27,10000,46,basic linear
16,3.43,0.11,6.2,10000,46,basic linear
32,4.46,0.19,8.41,10000,46,basic linear
64,4.42,0.15,8.7,10000,46,basic linear
128,9.16,0.46,17.09,10000,46,basic linear
256,9.59,0.51,18.17,10000,46,basic linear
512,10.24,0.53,19.66,10000,46,basic linear
1024,14.37,0.8,27.53,10000,46,basic linear
2048,18.38,1.22,35.51,10000,46,basic linear
4096,26.73,1.66,52.79,10000,46,basic linear
8192,39.83,2.26,78.74,10000,46,basic linear
16384,29.24,6.94,46.94,10000,46,basic linear
32768,61.88,13.92,93.23,10000,46,basic linear
65536,136.2,43.17,184.72,10000,46,basic linear
131072,283.98,96.32,361.03,10000,46,basic linear
262144,578.3,202.75,710.66,10000,46,basic linear
524288,999.19,415.49,1273.31,10000,46,basic linear
1048576,2068.99,839.6,2575.37,10000,46,basic linear
